,app_code_type,twenty_code_type,textract_conf_app_code,textract_conf_twenty_code,tesseract_conf_app_code,tesseract_conf_twenty_code,doc,RegId,RegIdConf,app_code_textract,app_code_tesseract,app_code_table_lookup,twenty_code_textract,twenty_code_tesseract,twenty_code_table_lookup,app_code_fallback,twenty_code_fallback,approval_back_up,twenty_back_up,history
0,,,,,,,,,,,,,,,,,,,,
1,100-match-mod-spaces,100-match-mod-spaces,,,,,CUR6470-01_003_04212023_0001121191-C001056617-00-bottom.tif,Y0020_WCM_79520E_C INTERNAL APPROVED 07282021 NA2WCMEOB79520E_2022,88.94285714285715,,,Y0020_WCM_79520E_C INTERNAL APPROVED 07282021,,,NA2WCMEOB79520E_2022,,,,,"['Tesseract app_code is Y0020_WCM_79520E_C INTERNAL APPROVED 07282021', 'Textract app_code is Y0020_WCM_79520E_CINTERNAL APPROVED 07282021', 'Tesseract twenty_code is NA2WCMEOB79520E_2022', 'Textract twenty_code is NA2WCMEOB79520E_2022']"
2,100-match-mod-spaces,100-match-mod-spaces,,,,,CUR6470-01_004_04212023_0001121069-C001057098-00-bottom.tif,Y0020_WCM_56038E_C INTERNAL APPROVED 06052020 NA0WCMEOB56038E_0000,63.08342742919922,,,Y0020_WCM_56038E_C INTERNAL APPROVED 06052020,,,NA0WCMEOB56038E_0000,,,,,"['Tesseract app_code is Y0020_WCM_56038E_C INTERNAL APPROVED 06052020', 'Textract app_code is Y0020_WCM_56038E_C INTERNAL APPROVED 06052020', 'Tesseract twenty_code is NA0WCMEOBS6038E_0000', 'Textract twenty_code is NA0WCMEOB56038E_0000']"
3,100-match-mod-spaces,,,,,,CUR6470-01_004_04212023_0001121069-C001057112-01-bottom.tif,Y0020_WCM_91154E_C INTERNAL APPROVED 11022021 ,31.447046279907227,,,Y0020_WCM_91154E_C INTERNAL APPROVED 11022021,,,,,,,,"['Textract app_code is Y0020_WCM_91154E_C INTERNAL APPROVED 11022021', 'Tesseract twenty_code_fallback is TUULY VWI SE LOGO PILE AV VIOVEU 1102 EUED', 'Textract twenty_code_fallback is YUUZU_WCM_91154E_C INTERNAL APPROVED 11022021']"
4,100-match-mod-spaces,100-match-mod-spaces,,,,,CUR6470-01_015_04242023_0001121968-C001064344-00-bottom.tif,CAD_40878E STATE APPROVED 04092021 HI9ZMDLTR40878E_0000,86.76777648925781,,,CAD_40878E STATE APPROVED 04092021,,,HI9ZMDLTR40878E_0000,,,,,"['Tesseract app_code is CAN_40878E STATE APPROVED 04092021', 'Textract app_code is CAD_40878E STATE APPROVED 04092021', 'Tesseract twenty_code is HISZMDLTR40878E_0000', 'Textract twenty_code is HI9ZMDLTR40878E_0000']"
5,,100-match-mod-spaces,,,,,CUR6470-01_018_04222023_0001121288-C001065697-00-bottom.tif, NA2WCMEOB79520S_2022,47.57929611206055,,,,,,NA2WCMEOB79520S_2022,,,,,"['Tesseract twenty_code is NA2WCMEOB79520S_2022', 'Textract twenty_code is NA2WCMEOB79520S_2022', 'Tesseract app_code_fallback is ED LA READ CN WWWWWWEIICARECOMMY MCAICARE', 'Textract app_code_fallback is EN LA RED EN: WWW.WELLCARE.COM/MEDICARE', 'Tesseract app_code_fallback is NUESTROS PLANES USAN UN FORMULARIO', 'Textract app_code_fallback is NUESTROS PLANES USAN UN FORMULARIO.', 'Textract app_code_fallback is C001065697', 'Tesseract app_code_fallback is NA2WCMEOB79520S_2022', 'Textract app_code_fallback is NA2WCMEOB79520S_2022']"
6,100-match-mod-spaces,100-match-mod-spaces,,,,,CUR6470-01_018_04222023_0001121301-C001066002-00-bottom.tif,Y0020_WCM_100186E_C INTERNAL APPROVED 07252022 NA3WCMEOB00186E_0000,73.0125,,,Y0020_WCM_100186E_C INTERNAL APPROVED 07252022,,,NA3WCMEOB00186E_0000,,,,,"['Tesseract app_code is Y0020_WCM_100186E_C INTERNAL APPROVED 07252022', 'Textract app_code is Y0020_WCM_100186E_CINTERNAL APPROVED 07252022', 'Tesseract twenty_code is NA3WCMEOBO00186E_0000', 'Textract twenty_code is NA3WCMEOB00186E_0000']"
7,100-match-mod-spaces,100-match-mod-spaces,,,,,CUR6470-01_018_04222023_0001121301-C001066006-00-bottom.tif,Y0020_WCM_100186E_C INTERNAL APPROVED 07252022 NA3WCMEOB00186E_0000,63.81746031746032,,,Y0020_WCM_100186E_C INTERNAL APPROVED 07252022,,,NA3WCMEOB00186E_0000,,,,,"['Tesseract app_code is Y0020_WCM_100186E_C INTERNAL APPROVED 07252022', 'Textract app_code is Y0020_WCM_100186E_CINTERNALAPPROVED 07252022', 'Tesseract twenty_code is NA3WCMEOB00186E_0000', 'Textract twenty_code is NA3WCMEOB00186E_0000']"
8,100-match-mod-spaces,,,,,,CUR6470-01_018_04222023_0001121301-C001066009-00-bottom.tif,Y0020_WCM_100186E_C INTERNAL APPROVED 07252022 ,48.51762008666992,,,Y0020_WCM_100186E_C INTERNAL APPROVED 07252022,,,,,,,,"['Tesseract app_code is Y0020_WCM_100186E_C INTERNAL APPROVED 07252022', 'Textract app_code is Y0020_WCM_100186E_C INTERNAL APPROVED 07252022', 'Tesseract twenty_code_fallback is PLEASE CONTACT YOUR PLAN FOR DETAILS', 'Textract twenty_code_fallback is PLEASE CONTACT YOUR PLAN FOR DETAILS.', 'Tesseract twenty_code_fallback is C001066009', 'Textract twenty_code_fallback is C001066009', 'Tesseract twenty_code_fallback is Y0020_WCM_100186E_C INTERNAL APPROVED 07252022 NA3WCMEOB00186E', 'Textract twenty_code_fallback is Y0020_WCM_100186E_C INTERNAL APPROVED 07252022 NA3WCMEOB00186E']"
9,100-match-mod-spaces,100-match-mod-spaces,,,,,CUR6470-01_018_04222023_0001121310-C001066247-00-bottom.tif,Y0020_WCM_100186E_C INTERNAL APPROVED 07252022 NA3WCMEOB00186E_0000,89.58688524590164,,,Y0020_WCM_100186E_C INTERNAL APPROVED 07252022,,,NA3WCMEOB00186E_0000,,,,,"['Tesseract app_code is Y0020_WCM_100186E_C INTERNAL APPROVED 07252022', 'Textract app_code is Y0020_WCM_100186E_CINTERNALAPPROVED 07252022', 'Tesseract twenty_code is NA3WCMEOB00186E_0000', 'Textract twenty_code is NA3WCMEOB00186E_0000']"
10,100-match-mod-spaces,100-match-mod-spaces,,,,,CUR6470-01_018_04222023_0001121310-C001066270-00-bottom.tif,Y0020_WCM_100186E_C INTERNAL APPROVED 07252022 NA3WCMEOB00186E_0000,67.85079365079366,,,Y0020_WCM_100186E_C INTERNAL APPROVED 07252022,,,NA3WCMEOB00186E_0000,,,,,"['Tesseract app_code is Y0020_WCM_100186E_C INTERNAL APPROVED 07252022', 'Textract app_code is Y0020_WCM_100186E_CINTERNAL APPROVED 07252022', 'Tesseract twenty_code is NA3WCMEOBO00186E_0000', 'Textract twenty_code is NA3WCMEOB00186E_0000']"
11,100-match-mod-spaces,100-match-mod-spaces,,,,,CUR6470-01_019_04222023_0001121283-C001066788-00-bottom.tif,Y0020_WCM_100186E_C INTERNAL APPROVED 07252022 NA3WCMEOB00186E_0000,78.20731707317073,,,Y0020_WCM_100186E_C INTERNAL APPROVED 07252022,,,NA3WCMEOB00186E_0000,,,,,"['Tesseract app_code is Y0020_WCM_100186E_C INTERNAL APPROVED 07252022', 'Textract app_code is Y0020_WCM_100186E_CINTERAL APPROVED 07252022', 'Tesseract twenty_code is NA3WCMEOB00186E_0000', 'Textract twenty_code is NA3WCMEOB00186E_0000']"
12,100-match-mod-spaces,100-match-mod-spaces,,,,,CUR6470-01_039_04242023_0001121546-C001074575-00-bottom.tif,Y0020_WCM_106335M_C INTERNAL APPROVED 07292022 NA3WCMLTR22018S_0000,54.97854232788086,,,Y0020_WCM_106335M_C INTERNAL APPROVED 07292022,,,NA3WCMLTR22018S_0000,,,,,"['Tesseract twenty_code is NA3WCMLTR22018S_0000', 'Textract twenty_code is NA3WCMLTR22018S_0000', 'Tesseract app_code is Y0020_WCM_106335M_C INTERNALAPPROVED07292022', 'Textract app_code is Y0020_WCM_106335M_C INTERNAL APPROVED 07292022']"
13,100-match-mod-spaces,100-match-mod-spaces,,,,,CUR6470-01_039_04242023_0001121551-C001074638-00-bottom.tif,Y0020_WCM_106335M_C INTERNAL APPROVED 07292022 NA3WCMLTR21990E_0000,74.40845489501953,,,Y0020_WCM_106335M_C INTERNAL APPROVED 07292022,,,NA3WCMLTR21990E_0000,,,,,"['Textract twenty_code is NA3WCMLTR21990E_0000', 'Tesseract app_code is Y0020_WCM_106335M_C INTERNALAPPROVED07292022', 'Textract app_code is Y0020_WCM_106335M_C INTERNALAPPROVED07292022']"
14,recovery,100-match-mod-spaces,99.16,,98.09,,CUR6470-01_039_04242023_0001121551-C001074688-02-bottom.tif,PRO_35210E_ INTERNAL APPROVED 05122019 NA9PROLTR35210E_0000,86.84513854980469,PRO_35210E_INTERNAL APPROVED 05122019,PRO_35210E_INTERNAL APPROVED 05122019,PRO_35210E INTERNAL APPROVED 05122019,,,NA9PROLTR35210E_0000,,,,,"['Tesseract app_code is FL 33631338', 'Tesseract app_code is PRO_35210E_INTERNAL APPROVED 05122019', 'Textract app_code is PRO_35210E_INTERNAL APPROVED 05122019', 'Tesseract twenty_code is NA9PROLTR35210E_0000', 'Textract twenty_code is NA9PROLTR35210E_0000']"
15,table,100-match-mod-spaces,,,,,CUR6470-01_039_04242023_0001121551-C001074695-00-bottom.tif,Y0020_WCM_100186E_C INTERNAL APPROVED 07252022 NA3WCMEOB00186E_0000,97.5130615234375,,,Y0020_WCM_100186E_C INTERNAL APPROVED 07252022,,,NA3WCMEOB00186E_0000,,,,,"['Tesseract app_code is Y0020_WCM_100186E C INTERNAL APPROVED 07252022', 'Textract app_code is Y0020_WCM_100186E_CINTERNAL APPROVED 07252022', 'Tesseract twenty_code is NA3WCMEOBO00186E_0000', 'Textract twenty_code is NA3WCMEOB00186E_0000']"
16,recovery,100-match-mod-spaces,96.31,,98.36,,CUR6470-01_039_04242023_0001121586-C001074818-00-bottom.tif,Y0020_WCM_108136E_C INTERNAL APPROVED 08112022 NA3WCMLTR08136E_0000,95.60077667236328,Y0020_WCM_108136E C INTERNAL APPROVED 08112022,Y0020_WCM_108136E C INTERNAL APPROVED 08112022,Y0020_WCM_108136E_C INTERNAL APPROVED 08112022,,,NA3WCMLTR08136E_0000,,,,,"['Tesseract app_code is Y0020_WCM_108136E C INTERNAL APPROVED 08112022', 'Textract app_code is Y0020_WCM_108136E_CINTERNAL APPROVED 08112022', 'Tesseract twenty_code is NA3WCMLTRO8136E_0000', 'Textract twenty_code is NA3WCMLTR08136E_0000']"
17,100-match-mod-spaces,100-match-mod-spaces,,,,,CUR6470-01_039_04242023_0001121586-C001074822-00-bottom.tif,Y0020_WCM_100186E_C INTERNAL APPROVED 07252022 NA3WCMEOB00186E_0000,61.180952380952384,,,Y0020_WCM_100186E_C INTERNAL APPROVED 07252022,,,NA3WCMEOB00186E_0000,,,,,"['Tesseract app_code is Y0020_WCM_100186E_C INTERNAL APPROVED 07252022', 'Textract app_code is Y0020_WCM_100]86E_CINTERNAL APPROVED 07252022', 'Tesseract twenty_code is NA3WCMEOB00186E_0000', 'Textract twenty_code is NA3WCMEOB00186E_0000']"
18,100-match-mod-spaces,100-match-mod-spaces,,,,,CUR6470-01_0454_05032023_0001127472-C001252152-00-bottom.tif,Y0020_WCM_100186E_C INTERNAL APPROVED 07252022 NA3WCMEOB00186E_0000,64.58571428571429,,,Y0020_WCM_100186E_C INTERNAL APPROVED 07252022,,,NA3WCMEOB00186E_0000,,,,,"['Tesseract app_code is Y0020_WCM_100186E_C INTERNAL APPROVED 07252022', 'Textract app_code is Y0020_WCM_100186E_C INTERNALAPPROVED 07252022', 'Tesseract twenty_code is NA3WCMEOB00186E_0000', 'Textract twenty_code is NA3WCMEOB00186E_0000']"
19,100-match-mod-spaces,100-match-mod-spaces,,,,,CUR6470-01_0454_05032023_0001127472-C001252190-00-bottom.tif,Y0020_WCM_100186E_C INTERNAL APPROVED 07252022 NA3WCMEOB00186E_0000,85.63536834716797,,,Y0020_WCM_100186E_C INTERNAL APPROVED 07252022,,,NA3WCMEOB00186E_0000,,,,,"['Tesseract app_code is Y0020_WCM_100186E_C INTERNAL APPROVED 07252022', 'Textract app_code is Y0020_WCM_100186E_CINTERNAL/ APPROVED 07252022', 'Tesseract twenty_code is NA3WCMEOB00186E_0000', 'Textract twenty_code is NA3WCMEOB00186E_0000']"
20,100-match-mod-spaces,100-match-mod-spaces,,,,,CUR6470-01_0465_05032023_0001127597-C001257040-00-bottom.tif,Y0020_WCM_79520E_C INTERNAL APPROVED 07282021 NA2WCMEOB79520E_2022,87.06654357910156,,,Y0020_WCM_79520E_C INTERNAL APPROVED 07282021,,,NA2WCMEOB79520E_2022,,,,,"['Tesseract app_code is Y0020_WCM_79520E_C INTERNAL APPROVED 07282021', 'Textract app_code is Y0020_WCM_79520E_C INTERNAL APPROVED 07282021', 'Tesseract twenty_code is NA2WCMEOB79520E_2022', 'Textract twenty_code is NA2WCMEOB79520E_2022']"
21,100-match-mod-spaces,table,,,,,CUR6470-01_0465_05032023_0001127597-C001257047-00-bottom.tif,Y0020_WCM_79520E_C INTERNAL APPROVED 07282021 NA2WCMEOB79520E_2022,41.56420135498047,,,Y0020_WCM_79520E_C INTERNAL APPROVED 07282021,,,NA2WCMEOB79520E_2022,,,,,"['Tesseract app_code is Y0020_WCM_79520E_C INTERNAL APPROVED 07282021', 'Textract app_code is Y0020_WCM_79520E_CINTERNAL APPROVED 07282021', 'Tesseract twenty_code is NA2WCMEOB79520LE 2022', 'Textract twenty_code is NA2WCMEOB79520E 2022']"
22,100-match-mod-spaces,100-match-mod-spaces,,,,,CUR6470-01_0465_05032023_0001127597-C001257095-00-bottom.tif,Y0020_WCM_79520E_C INTERNAL APPROVED 07282021 NA2WCMEOB79520E_2022,92.27733612060547,,,Y0020_WCM_79520E_C INTERNAL APPROVED 07282021,,,NA2WCMEOB79520E_2022,,,,,"['Tesseract app_code is Y0020_WCM_79520E_C INTEMAL APPROVED 07282021', 'Textract app_code is Y0020_WCM_79520E_CINTERNAL APPROVED 07282021', 'Tesseract twenty_code is NA2WCMEOB79520E 2022', 'Textract twenty_code is NA2WCMEOB79520E_2022']"
23,100-match-mod-spaces,100-match-mod-spaces,,,,,CUR6470-01_0465_05032023_0001127597-C001257111-00-bottom.tif,Y0020_WCM_79520E_C INTERNAL APPROVED 07282021 NA2WCMEOB79520E_2022,85.25686645507812,,,Y0020_WCM_79520E_C INTERNAL APPROVED 07282021,,,NA2WCMEOB79520E_2022,,,,,"['Tesseract app_code is Y0020_WCM_79520E C INTERNAL APPROVED 07282021', 'Textract app_code is Y0020_WCM_79520E_C INTERNAL APPROVED 07282021', 'Tesseract twenty_code is NA2WCMEOB79520E 2022', 'Textract twenty_code is NA2WCMEOB79520E_2022']"
24,recovery,100-match-mod-spaces,95.67,,100.0,,CUR6470-01_0465_05032023_0001127597-C001257117-00-bottom.tif,Y0020_WCM_79520E_C INTERNAL APPROVED 07282021 NA2WCMEOB79520E_2022,92.89897155761719,Y0020_WCM_79520E C INTERNAL APPROVED 07282021,Y0020_WCM_79520E C INTERNAL APPROVED 07282021,Y0020_WCM_79520E_C INTERNAL APPROVED 07282021,,,NA2WCMEOB79520E_2022,,,,,"['Tesseract app_code is Y0020_WCM_79520E C INTERNAL APPROVED 07282021', 'Textract app_code is Y0020_WCM_79520E_CINTERNAL APPROVED 07282021', 'Tesseract twenty_code is NA2WCMEOB79520E 2022', 'Textract twenty_code is NA2WCMEOB79520E_2022']"
25,100-match-mod-spaces,100-match-mod-spaces,,,,,CUR6470-01_0465_05032023_0001127597-C001257123-00-bottom.tif,Y0020_WCM_79520E_C INTERNAL APPROVED 07282021 NA2WCMEOB79520E_2022,93.539794921875,,,Y0020_WCM_79520E_C INTERNAL APPROVED 07282021,,,NA2WCMEOB79520E_2022,,,,,"['Tesseract app_code is Y0020_WCM_79520E_C INTERNAL APPROVED 07282021', 'Textract app_code is Y0020_WCM_79520E_CI INTERNAL APPROVED 07282021', 'Tesseract twenty_code is NA2WCMEOB79520E_2022', 'Textract twenty_code is NA2WCMEOB79520E_2022']"
26,100-match-mod-spaces,100-match-mod-spaces,,,,,CUR6470-01_0524_05042023_0001128328-C001295659-00-bottom.tif,Y0020_WCM_56038E_C INTERNAL APPROVED 06052020 NA0WCMEOB56038E_0000,67.57675170898438,,,Y0020_WCM_56038E_C INTERNAL APPROVED 06052020,,,NA0WCMEOB56038E_0000,,,,,"['Tesseract app_code is Y0020_WCM_56038E_C INTERNAL APPROVED 06052020', 'Textract app_code is Y0020_WCM_56038E_C INTERNAL APPROVED 06052020', 'Tesseract twenty_code is NA0WCMEOBS6038E_0000', 'Textract twenty_code is NA0WCMEOB56038E_0000']"
27,100-match-mod-spaces,100-match-mod-spaces,,,,,CUR6470-01_0524_05042023_0001128328-C001295675-00-bottom.tif,Y0020_WCM_56038E_C INTERNAL APPROVED 06052020 NA0WCMEOB56038E_0000,56.86281204223633,,,Y0020_WCM_56038E_C INTERNAL APPROVED 06052020,,,NA0WCMEOB56038E_0000,,,,,"['Tesseract app_code is YQ020_WCM_56038E_C INTERNAL APPROVED 06052020', 'Textract app_code is Y0020_WCM_56038E_C INTERNAL APPROVED 06052020', 'Tesseract twenty_code is NA0WCMEOBS6038E_0000', 'Textract twenty_code is NA0WCMEOB56038E_0000']"
28,100-match-mod-spaces,100-match-mod-spaces,,,,,CUR6470-01_0526_05042023_0001128347-C001296662-00-bottom.tif,Y0020_WCM_56038E_C INTERNAL APPROVED 06052020 NA0WCMEOB56038E_0000,82.4189453125,,,Y0020_WCM_56038E_C INTERNAL APPROVED 06052020,,,NA0WCMEOB56038E_0000,,,,,"['Tesseract app_code is Y0020_WCM_56038E_C INTERNAL APPROVED 06052020', 'Textract app_code is Y0020_WCM_56038E_C INTERNAL APPROVED 06052020', 'Tesseract twenty_code is NA0WCMEOB56038E_0000', 'Textract twenty_code is NA0WCMEOB56038E_0000']"
29,100-match-mod-spaces,100-match-mod-spaces,,,,,CUR6470-01_0526_05042023_0001128347-C001296666-00-bottom.tif,Y0020_WCM_56038E_C INTERNAL APPROVED 06052020 NA0WCMEOB56038E_0000,60.582542419433594,,,Y0020_WCM_56038E_C INTERNAL APPROVED 06052020,,,NA0WCMEOB56038E_0000,,,,,"['Tesseract app_code is Y0020_WCM_56038E_C INTERNAL APPROVED 06052020', 'Textract app_code is Y0020_WCM_56038E_C INTERNAL APPROVED 06052020', 'Tesseract twenty_code is NA0WCMEOBS6038E_0000', 'Textract twenty_code is NA0WCMEOB56038E_0000']"
30,100-match-mod-spaces,100-match-mod-spaces,,,,,CUR6470-01_053_04242023_0001121892-C001080452-00-bottom.tif,Y0020_WCM_100186E_C INTERNAL APPROVED 07252022 NA3WCMEOB00186E_0000,69.58852459016394,,,Y0020_WCM_100186E_C INTERNAL APPROVED 07252022,,,NA3WCMEOB00186E_0000,,,,,"['Tesseract app_code is Y0020_WCM_100186E_C INTERNAL APPROVED 07252022', 'Textract app_code is Y0020_WCM_100186E_CINTERNAL APPROVED 07252022', 'Tesseract twenty_code is NA3WCMEOB00186E_0000', 'Textract twenty_code is NA3WCMEOB00186E_0000']"
31,100-match-mod-spaces,fallback-1,,,,,CUR6470-01_0572_05052023_0001129473-C001319099-00-bottom.tif,Y0020_WCM_106335M_C INTERNAL APPROVED 07292022 NA3WCMLTR21990E_0000,77.4771957397461,,,Y0020_WCM_106335M_C INTERNAL APPROVED 07292022,,,,,NA3WCMLTR21990E_0000,,,"['Tesseract app_code is Y0020_WCM_106335M_C INTERNALAPPROVED07292022', 'Textract app_code is Y0020_WCM_106335M_C INTERNALAPPROVED07292022', 'Tesseract twenty_code_fallback is NA3WCMLTR21990E_0', 'Textract twenty_code_fallback is NA3WCMLTR21990E_O']"
32,100-match-mod-spaces,100-match-mod-spaces,,,,,CUR6470-01_0572_05052023_0001129473-C001319115-00-bottom.tif,Y0020_WCM_100186E_C INTERNAL APPROVED 07252022 NA3WCMEOB00186E_0000,77.16923076923078,,,Y0020_WCM_100186E_C INTERNAL APPROVED 07252022,,,NA3WCMEOB00186E_0000,,,,,"['Tesseract app_code is Y0020_WCM_100186E_C INTERNAL APPROVED 07252022', 'Textract app_code is Y0020_WCM_100186E_CINTERALA APPROVED 07252022', 'Tesseract twenty_code is NA3WCMEOQOB00186E_0000', 'Textract twenty_code is NA3WCMEOB00186E_0000']"
33,100-match-mod-spaces,100-match-mod-spaces,,,,,CUR6470-01_0605_05082023_0001130620-C001334576-00-bottom.tif,Y0020_WCM_100186E_C INTERNAL APPROVED 07252022 NA3WCMEOB00186E_0000,58.77142857142858,,,Y0020_WCM_100186E_C INTERNAL APPROVED 07252022,,,NA3WCMEOB00186E_0000,,,,,"['Tesseract app_code is Y0020_WCM_100186E_C INTERNAL APPROVED 07252022', 'Textract app_code is Y0020_WCM_100186E_CINTERNALAPPROVED 07252022', 'Tesseract twenty_code is NA3WCMEOBO00186E_0000', 'Textract twenty_code is NA3WCMEOB00186E_0000']"
34,100-match-mod-spaces,100-match-mod-spaces,,,,,CUR6470-01_0618_05082023_0001130648-C001340220-00-bottom.tif,Y0020_WCM_56038E_C INTERNAL APPROVED 06052020 NA0WCMEOB56038E_0000,65.36795806884766,,,Y0020_WCM_56038E_C INTERNAL APPROVED 06052020,,,NA0WCMEOB56038E_0000,,,,,"['Tesseract app_code is Y0020_WCM_56038E_C INTERNAL APPROVED 06052020', 'Textract app_code is Y0020_WCM_56038E_INTERNAL APPROVED 06052020', 'Tesseract twenty_code is NA0WCMEOBS6038E_0000', 'Textract twenty_code is NA0WCMEOB56038E_0000']"
35,100-match-mod-spaces,table,,,,,CUR6470-01_0618_05082023_0001130656-C001340412-00-bottom.tif,Y0020_WCM_79520E_C INTERNAL APPROVED 07282021 NA2WCMEOB79520E_2022,60.68390655517578,,,Y0020_WCM_79520E_C INTERNAL APPROVED 07282021,,,NA2WCMEOB79520E_2022,,,,,"['Tesseract app_code is Y0020_WCM_79520E_C INTERNAL APPROVED 07282021', 'Textract app_code is Y70020_WCM_79520E_CINTERNAL APPROVED 07282021', 'Tesseract twenty_code is NA2WCMEOB79520E_2022', 'Textract twenty_code is NA2WCMEOB79520E 2022']"
36,100-match-mod-spaces,100-match-mod-spaces,,,,,CUR6470-01_0618_05082023_0001130665-C001340580-00-bottom.tif,Y0020_WCM_56038E_C INTERNAL APPROVED 06052020 NA0WCMEOB56038E_0000,80.91407012939453,,,Y0020_WCM_56038E_C INTERNAL APPROVED 06052020,,,NA0WCMEOB56038E_0000,,,,,"['Tesseract app_code is Y0020_WCM_56038E_C INTERNAL APPROVED 06052020', 'Textract app_code is Y0020_WCM_56038E_C INTERNAL APPROVED 06052020', 'Tesseract twenty_code is NA0WCMEOBS6038E_0000', 'Textract twenty_code is NA0WCMEOB56038E_0000']"
37,100-match-mod-spaces,100-match-mod-spaces,,,,,CUR6470-01_0618_05082023_0001130665-C001340583-00-bottom.tif,Y0020_WCM_56038E_C INTERNAL APPROVED 06052020 NA0WCMEOB56038E_0000,83.08283996582031,,,Y0020_WCM_56038E_C INTERNAL APPROVED 06052020,,,NA0WCMEOB56038E_0000,,,,,"['Tesseract app_code is Y0020_WCM_56038E_C INTERNAL APPROVED 06052020', 'Textract app_code is Y0020_WCM_56038E_C INTERNAL APPROVED 06052020', 'Tesseract twenty_code is NA0WCMEOB56038E_0000', 'Textract twenty_code is NA0WCMEOB56038E_0000']"
38,100-match-mod-spaces,100-match-mod-spaces,,,,,CUR6470-01_0618_05082023_0001130665-C001340587-00-bottom.tif,Y0020_WCM_56038E_C INTERNAL APPROVED 06052020 NA0WCMEOB56038E_0000,86.40870666503906,,,Y0020_WCM_56038E_C INTERNAL APPROVED 06052020,,,NA0WCMEOB56038E_0000,,,,,"['Tesseract app_code is Y0020_WCM_56038E_C INTERNAL APPROVED 06052020', 'Textract app_code is Y0020_WCM_56038E_C INTERNAL APPROVED 06052020', 'Tesseract twenty_code is NA0WCMEOB56038E_0000', 'Textract twenty_code is NA0WCMEOB56038E_0000']"
39,table,100-match-mod-spaces,,,,,CUR6470-01_0635_05092023_0001131269-C001347366-00-bottom.tif,Y0020_WCM_100186E_C INTERNAL APPROVED 07252022 NA3WCMEOB00186E_0000,81.18584442138672,,,Y0020_WCM_100186E_C INTERNAL APPROVED 07252022,,,NA3WCMEOB00186E_0000,,,,,"['Tesseract app_code is Y0020_WCM_100186E_C INTEMMAL APPROVED 07252022', 'Textract app_code is Y0020_WCM_100186E_C INTERAL/ APPROVED 07252022', 'Tesseract twenty_code is NA3WCMEOB00186E_0000', 'Textract twenty_code is NA3WCMEOB00186E_0000']"
40,100-match-mod-spaces,100-match-mod-spaces,,,,,CUR6470-01_0635_05092023_0001131275-C001347479-00-bottom.tif,Y0020_WCM_106335M_C INTERNAL APPROVED 07292022 NA3WCMLTR21990E_0000,66.27472686767578,,,Y0020_WCM_106335M_C INTERNAL APPROVED 07292022,,,NA3WCMLTR21990E_0000,,,,,"['Tesseract twenty_code is NA3WCMLTR21990E_0000', 'Textract twenty_code is NA3WCMLTR21990E_0000', 'Tesseract app_code is Y0020_WCM_106335M_C INTERNALAPPROVED07292022', 'Textract app_code is Y0020_WCM_106335M_C INTERNALAPPROVED07292022']"
41,100-match-mod-spaces,100-match-mod-spaces,,,,,CUR6470-01_0646_05092023_0001131292-C00013521670-00-bottom.tif,Y0020_WCM_100186E_C INTERNAL APPROVED 07252022 NA3WCMEOB00186E_0000,61.25625,,,Y0020_WCM_100186E_C INTERNAL APPROVED 07252022,,,NA3WCMEOB00186E_0000,,,,,"['Tesseract app_code is Y0020_WCM_100186E_C INTERNAL APPROVED 07252022', 'Textract app_code is Y0020_WCM_100186E_CINTERNALAPPROVED 07252022', 'Tesseract twenty_code is NA3WCMEOBO00186E_0000', 'Textract twenty_code is NA3WCMEOB00186E_0000']"
42,100-match-mod-spaces,100-match-mod-spaces,,,,,CUR6470-01_0646_05092023_0001131292-C0001352185-00-bottom.tif,Y0020_WCM_100186E_C INTERNAL APPROVED 07252022 NA3WCMEOB00186E_0000,76.06593322753906,,,Y0020_WCM_100186E_C INTERNAL APPROVED 07252022,,,NA3WCMEOB00186E_0000,,,,,"['Tesseract app_code is Y0020_WCM_100186E_C INTERNAL APPROVED 07252022', 'Textract app_code is Y0020_WCM_100186E_C INTERNAL APPROVED 07252022', 'Tesseract twenty_code is NA3WCMEOBO00186E_0000', 'Textract twenty_code is NA3WCMEOB00186E_0000']"
43,100-match-mod-spaces,100-match-mod-spaces,,,,,CUR6470-01_0646_05092023_0001131292-C001352208-00-bottom.tif,Y0020_WCM_100186E_C INTERNAL APPROVED 07252022 NA3WCMEOB00186E_0000,57.612500000000004,,,Y0020_WCM_100186E_C INTERNAL APPROVED 07252022,,,NA3WCMEOB00186E_0000,,,,,"['Tesseract app_code is Y0020_WCM_100186E_C INTERNAL APPROVED 07252022', 'Textract app_code is Y0020_WCM_100186E_CINTERNAL APPROVED 07252022', 'Tesseract twenty_code is NA3WCMEOBO00186E_0000', 'Textract twenty_code is NA3WCMEOB00186E_0000']"
44,100-match-mod-spaces,100-match-mod-spaces,,,,,CUR6470-01_065_04242023_0001122067-C001086949-00-bottom.tif,Y0020_WCM_100186E_C INTERNAL APPROVED 07252022 NA3WCMEOB00186E_0000,88.94531250000001,,,Y0020_WCM_100186E_C INTERNAL APPROVED 07252022,,,NA3WCMEOB00186E_0000,,,,,"['Tesseract app_code is Y0020_WCM_100186E_C INTERNAL APPROVED 07252022', 'Textract app_code is Y0020_WCM_100186E_CINTERNALAPPROVED 07252022', 'Tesseract twenty_code is NA3WCMEOB00186E_0000', 'Textract twenty_code is NA3WCMEOB00186E_0000']"
45,100-match-mod-spaces,100-match-mod-spaces,,,,,CUR6470-01_066_04242023_0001122082-C001087494-01-bottom.tif,Y0020_WCM_91154E_C INTERNAL APPROVED 11022021 NA2PDGLTR20448E_0000,90.00397491455078,,,Y0020_WCM_91154E_C INTERNAL APPROVED 11022021,,,NA2PDGLTR20448E_0000,,,,,"['Tesseract app_code is Y0020_WCM_91154E_C INTERNAL APPROVED 11022021', 'Textract app_code is Y0020_WCM_91154E_C INTERNAL APPROVED 11022021', 'Tesseract twenty_code is NA2PDGLTR20448E_0000', 'Textract twenty_code is NA2PDGLTR20448E_0000']"
46,100-match-mod-spaces,100-match-mod-spaces,,,,,CUR6470-01_066_04242023_0001122082-C001087523-00-bottom.tif,Y0020_WCM_100186E_C INTERNAL APPROVED 07252022 NA3WCMEOB00186E_0000,95.49164581298828,,,Y0020_WCM_100186E_C INTERNAL APPROVED 07252022,,,NA3WCMEOB00186E_0000,,,,,"['Tesseract app_code is Y0020_WCM_100186E_C INTERNAL APPROVED 07252022', 'Textract app_code is Y0020_WCM_100186E_C INTERNAL APPROVED 07252022', 'Tesseract twenty_code is NA3WCMEOB00186E_0000', 'Textract twenty_code is NA3WCMEOB00186E_0000']"
47,100-match-mod-spaces,100-match-mod-spaces,,,,,CUR6470-01_066_04242023_0001122082-C001087547-01-bottom.tif,Y0020_WCM_91154E_C INTERNAL APPROVED 11022021 NA2PDGLTR20449E_0000,86.63175201416016,,,Y0020_WCM_91154E_C INTERNAL APPROVED 11022021,,,NA2PDGLTR20449E_0000,,,,,"['Tesseract app_code is Y0020_WCM_91154E_C INTERNAL APPROVED 11022021', 'Textract app_code is Y0020_WCM_91154E_C INTERNAL APPROVED 11022021', 'Tesseract twenty_code is NA2PDGLTR20449E_0000', 'Textract twenty_code is NA2PDGLTR20449E_0000']"
48,100-match-mod-spaces,fallback-1,,,,,CUR6470-01_066_04242023_0001122082-C001087562-00-bottom.tif,Y0020_WCM_108136E_C INTERNAL APPROVED 08112022 NA2WCMLTR08136E_0000,84.22697448730469,,,Y0020_WCM_108136E_C INTERNAL APPROVED 08112022,,,,,NA2WCMLTR08136E_0000,,,"['Tesseract app_code is Y0020_WCM_108136E_C INTERNAL APPROVED 08112022', 'Textract app_code is Y0020_WCM_108136E_C INTERNAL APPROVED 08112022', 'Tesseract twenty_code_fallback is Y0020__WCM__108136E C INTERNAL APPROVED 08112022', 'Textract twenty_code_fallback is Y0020_WCM_108136E_C INTERNAL APPROVED 08112022', 'Tesseract twenty_code_fallback is 5246_60014WCGA1', 'Textract twenty_code_fallback is 5246_60014WCGA1', 'Tesseract twenty_code_fallback is MLTRO08136E_0000', 'Textract twenty_code_fallback is CMLTR08136E_0000']"
49,recovery,100-match-mod-spaces,84.3,,89.96,,CUR6470-01_068_04242023_0001122104-C001088948-00-bottom.tif,Y0020_WCM_79520E_C INTERNAL APPROVED 07282021 NA2WCMEOB79520E_2022,84.85643768310547,(0020_WCM_79520E_C INTERNAL APPROVED 07282021,Y0020_WCM_79520E_C INTEMAL APPROVED 07282021,Y0020_WCM_79520E_C INTERNAL APPROVED 07282021,,,NA2WCMEOB79520E_2022,,,,,"['Tesseract app_code is Y0020_WCM_79520E_C INTEMAL APPROVED 07282021', 'Textract app_code is (0020_WCM_79520E_C INTERNAL APPROVED 07282021', 'Tesseract twenty_code is NA2WCMEOB79520E_2022', 'Textract twenty_code is NA2WCMEOB79520E_2022']"
50,100-match-mod-spaces,100-match-mod-spaces,,,,,CUR6470-01_068_04242023_0001122104-C001088998-01-bottom.tif,Y0020_WCM_91154E_C INTERNAL APPROVED 11022021 NA2PDGLTR20449E_0000,91.49569702148438,,,Y0020_WCM_91154E_C INTERNAL APPROVED 11022021,,,NA2PDGLTR20449E_0000,,,,,"['Tesseract app_code is Y0020_WCM_91154E_C INTERNAL APPROVED 11022021', 'Textract app_code is Y0020_WCM_91154E_C INTERNAL APPROVED 11022021', 'Tesseract twenty_code is NA2PDGLTR20449E_0000', 'Textract twenty_code is NA2PDGLTR20449E_0000']"
51,100-match-mod-spaces,100-match-mod-spaces,,,,,CUR6470-01_069_04242023_0001122108-C001089509-00-bottom.tif,Y0020_WCM_100186E_C INTERNAL APPROVED 07252022 NA3WCMEOB00186E_0000,76.63333333333334,,,Y0020_WCM_100186E_C INTERNAL APPROVED 07252022,,,NA3WCMEOB00186E_0000,,,,,"['Tesseract app_code is Y0020_WCM_100186E_C INTERNAL APPROVED 07252022', 'Textract app_code is Y0020_WCM_100186E_CINTERNAL APPROVED 07252022', 'Tesseract twenty_code is NA3WCMEOB00186E_0000', 'Textract twenty_code is NA3WCMEOB00186E_0000']"
52,100-match-mod-spaces,100-match-mod-spaces,,,,,CUR6470-01_073_04242023_0002122136-C001092112-00-bottom.tif,Y0020_WCM_56038E_C INTERNAL APPROVED 06052020 NA0WCMEOB56038E_0000,71.10801696777344,,,Y0020_WCM_56038E_C INTERNAL APPROVED 06052020,,,NA0WCMEOB56038E_0000,,,,,"['Tesseract app_code is Y0020_WCM_56038E_C INTERNAL APPROVED 06052020', 'Textract app_code is Y0020_WCM_56038E_C INTERNAL APPROVED 06052020', 'Tesseract twenty_code is NA0WCMEOBS6038E_0000', 'Textract twenty_code is NA0WCMEOB56038E_0000']"
53,100-match-mod-spaces,100-match-mod-spaces,,,,,CUR6470-01_073_04242023_0002122136-C001092123-00-bottom.tif,Y0020_WCM_56038E_C INTERNAL APPROVED 06052020 NA0WCMEOB56038E_0000,84.63067626953125,,,Y0020_WCM_56038E_C INTERNAL APPROVED 06052020,,,NA0WCMEOB56038E_0000,,,,,"['Tesseract app_code is Y0020_WCM_S6038E_C INTERNAL APPROVED 06052020', 'Textract app_code is Y0020_WCM_56038E_C INTERNAL APPROVED 06052020', 'Tesseract twenty_code is NA0WCMEOBS6038E_0000', 'Textract twenty_code is NA0WCMEOB56038E_0000']"
54,100-match-mod-spaces,100-match-mod-spaces,,,,,CUR6470-01_073_04242023_0002122136-C001092144-00-bottom.tif,Y0020_WCM_56038E_C INTERNAL APPROVED 06052020 NA0WCMEOB56038E_0000,77.18633270263672,,,Y0020_WCM_56038E_C INTERNAL APPROVED 06052020,,,NA0WCMEOB56038E_0000,,,,,"['Tesseract app_code is Y0020_WCM_56038E_C INTERNAL APPROVED 06052020', 'Textract app_code is Y0020_WCM_56038E_C INTERNAL APPROVED 06052020', 'Textract twenty_code is NA0WCMEOB56038E_0000']"
55,recovery,100-match-mod-spaces,86.96,,79.33,,CUR6470-01_073_04242023_0002122136-C001092170-00-bottom.tif,Y0020_WCM_106335M_C INTERNAL APPROVED 07292022 NA3WCMLTR21990E_0000,56.95158386230469,Y0020_WCM_106335M_C - INTERNALAPPROVED07292022,Y0020_WCM_106335M_C INTERNALAPPROVED07292902,Y0020_WCM_106335M_C INTERNAL APPROVED 07292022,,,NA3WCMLTR21990E_0000,,,,,"['Tesseract twenty_code is NA3WCMLTR21990E_0000', 'Textract twenty_code is NA3WCMLTR21990E_0000', 'Tesseract app_code is Y0020_WCM_106335M_C INTERNALAPPROVED07292902', 'Textract app_code is Y0020_WCM_106335M_C - INTERNALAPPROVED07292022']"
56,100-match-mod-spaces,100-match-mod-spaces,,,,,CUR6470-01_073_04242023_0002122136-C001092175-00-bottom.tif,Y0020_WCM_106335M_C INTERNAL APPROVED 07292022 NA3WCMLTR21990E_0000,54.65043640136719,,,Y0020_WCM_106335M_C INTERNAL APPROVED 07292022,,,NA3WCMLTR21990E_0000,,,,,"['Tesseract twenty_code is NA3WCMLTR21990E_0000', 'Textract twenty_code is NA3WCMLTR21990E_0000', 'Tesseract app_code is Y0020_WCM_106335M_C INTERNALAPPROVED07292022', 'Textract app_code is Y0020_WCM_106335M_C INTERNALAPPROVED07292022']"
57,100-match-mod-spaces,100-match-mod-spaces,,,,,CUR6470-01_166_04272023_0001123721-C001129613-00-bottom.tif,Y0020_WCM_79520E_C INTERNAL APPROVED 07282021 NA2WCMEOB79520E_2022,77.57619047619048,,,Y0020_WCM_79520E_C INTERNAL APPROVED 07282021,,,NA2WCMEOB79520E_2022,,,,,"['Tesseract app_code is Y0020_WCM_79520E_C INTERNAL APPROVED 07282021', 'Textract app_code is 70020_WCM_79520E_CINTERNAL APPROVED 07282021', 'Tesseract twenty_code is NA2WCMEOB79520E 2022', 'Textract twenty_code is NA2WCMEOB79520E_2022']"
58,100-match-mod-spaces,100-match-mod-spaces,,,,,CUR6470-01_166_04272023_0001123721-C001129614-00-bottom.tif,Y0020_WCM_79520E_C INTERNAL APPROVED 07282021 NA2WCMEOB79520E_2022,91.75887298583984,,,Y0020_WCM_79520E_C INTERNAL APPROVED 07282021,,,NA2WCMEOB79520E_2022,,,,,"['Tesseract app_code is Y0020_WCM_79520E_C INTERNAL APPROVED 07282021', 'Textract app_code is Y0020_WCM_79520E_CINTERNAL APPROVED 07282021', 'Tesseract twenty_code is NA2WCMEOB79520E_2022', 'Textract twenty_code is NA2WCMEOB79520E_2022']"
59,recovery,100-match-mod-spaces,93.14,,87.45,,CUR6470-01_166_04272023_0001123721-C001129678-00-bottom.tif,Y0020_WCM_80379E_C INTERNAL APPROVED 07202021 NA2WCMLTR80379E_2022,88.23184967041016,Y0020_WCM_80379E C INTERNAL APPROVED 07202021,Y0020_WCM_80379E C INTERNAL APPROVED 07202021,Y0020_WCM_80379E_C INTERNAL APPROVED 07202021,,,NA2WCMLTR80379E_2022,,,,,"['Tesseract app_code is Y0020_WCM_80379E C INTERNAL APPROVED 07202021', 'Textract app_code is Y0020_WCM_80379E_CINTERNAL APPROVED 07202021', 'Tesseract twenty_code is NA2WCMLTR80379E 2022', 'Textract twenty_code is NA2WCMLTR80379E_2022']"
60,100-match-mod-spaces,recovery,,75.41,,97.32,CUR6470-01_166_04272023_0001123721-C001129679-00-bottom.tif,Y0020_WCM_80379E_C INTERNAL APPROVED 07202021 NA2WCMLTR80379E 2022,73.5079365079365,,,Y0020_WCM_80379E_C INTERNAL APPROVED 07202021,NA2WCMLTR80379E 2022,NA2WCMLTR80379E 2022,NA2WCMLTR80379E_2022,,,,,"['Tesseract app_code is Y0020_WCM_80379E_C INTERNAL APPROVED 07202021', 'Textract app_code is 70020_WCM_80379E_CINTERNAL APPROVED 07202021', 'Tesseract twenty_code is NA2WCMLTR80379E 2022', 'Textract twenty_code is NA2WCMLTR80379E 2022']"
61,recovery,table,90.02,,93.39,,CUR6470-01_194_04272023_0001124252-C001140694-00-bottom.tif,Y0020_WCM_88642E_C INTERNAL APPROVED 10212021 NA1WCMEOB88642E_0000,75.61184692382812,Y0020_WCM_88642E C INTERNAL APPROVED 10212021,Y0020_WCM_88642E C INTERNAL APPROVED 10212021,Y0020_WCM_88642E_C INTERNAL APPROVED 10212021,,,NA1WCMEOB88642E_0000,,,,,"['Tesseract app_code is Y0020_WCM_88642E C INTERNAL APPROVED 10212021', 'Textract app_code is Y0020_WCM_88642E_CINTERNALAPPROVED 10212021', 'Tesseract twenty_code is NA1WCMEOB88642E_000C']"
62,100-match-mod-spaces,100-match-mod-spaces,,,,,CUR6470-01_194_04272023_0001124252-C001140695-00-bottom.tif,Y0020_WCM_111827E_C INTERNAL APPROVED 11102022 NA2WCMLTR11827E_1122,92.1623306274414,,,Y0020_WCM_111827E_C INTERNAL APPROVED 11102022,,,NA2WCMLTR11827E_1122,,,,,"['Tesseract app_code is Y0020_WCM_111827E_C INTERNAL APPROVED 11102022', 'Textract app_code is Y0020_WCM_111827E_C INTERNAL APPROVED 11102022', 'Tesseract twenty_code is NA2WCMLTR11827E_1122', 'Textract twenty_code is NA2WCMLTR11827E_1122']"
63,100-match-mod-spaces,100-match-mod-spaces,,,,,CUR6470-01_199_04262023_0001123637-C001144183-00-bottom.tif,Y0020_WCM_79520E_C INTERNAL APPROVED 07282021 NA2WCMEOB79520E_2022,95.63526916503906,,,Y0020_WCM_79520E_C INTERNAL APPROVED 07282021,,,NA2WCMEOB79520E_2022,,,,,"['Tesseract app_code is Y0020_WCM_79520E_C INTERNAL APPROVED 07282021', 'Textract app_code is Y0020_WCM_79520E_CINTERNALAPPROVED 07282021', 'Tesseract twenty_code is NA2WCMEOB79520E 2022', 'Textract twenty_code is NA2WCMEOB79520E_2022']"
64,recovery,100-match-mod-spaces,88.5,,82.17,,CUR6470-01_216_05012023_0001126106-C001153378-00-bottom.tif,Y0020_WCM_106335M_C INTERNAL APPROVED 07292022 NA3WCMLTR21990E_0000,59.317161560058594,Y0020_WCM_106335M_O INTERNAL APPROVED 07292022,Y0020_WCM_106335M_C INTERNALAPPROVED07292022,Y0020_WCM_106335M_C INTERNAL APPROVED 07292022,,,NA3WCMLTR21990E_0000,,,,,"['Tesseract twenty_code is NA3WCMLTR21990E_0000', 'Textract twenty_code is NA3WCMLTR21990E_0000', 'Tesseract app_code is Y0020_WCM_106335M_C INTERNALAPPROVED07292022', 'Textract app_code is Y0020_WCM_106335M_O INTERNAL APPROVED 07292022']"
65,100-match-mod-spaces,100-match-mod-spaces,,,,,CUR6470-01_217_05012023_0001126223-C001153777-00-bottom.tif,Y0020_WCM_106335M_C INTERNAL APPROVED 07292022 NA3WCMLTR21990E_0000,55.96879196166992,,,Y0020_WCM_106335M_C INTERNAL APPROVED 07292022,,,NA3WCMLTR21990E_0000,,,,,"['Tesseract twenty_code is NA3SWCMLTR21990E_0000', 'Textract twenty_code is NA3WCMLTR21990E_0000', 'Tesseract app_code is Y0020_WCM_106335M_C INTERNALAPPROVED07292022', 'Textract app_code is Y0020_WCM_106335M_C INTERNALAPPROVED07292022']"
66,100-match-mod-spaces,100-match-mod-spaces,,,,,CUR6470-01_229_05012023_0001125594-C001158713-01-bottom.tif,Y0020_WCM_91154E_C INTERNAL APPROVED 11022021 NA2PDGLTR20448E_0000,93.1934814453125,,,Y0020_WCM_91154E_C INTERNAL APPROVED 11022021,,,NA2PDGLTR20448E_0000,,,,,"['Tesseract app_code is Y0020_WCM_91154E C INTERNAL APPROVED 11022021', 'Textract app_code is Y0020_WCM_91154E_C INTERNAL APPROVED 11022021', 'Tesseract twenty_code is NA2PDGLTR20448E_0000', 'Textract twenty_code is NA2PDGLTR20448E_0000']"
67,100-match-mod-spaces,100-match-mod-spaces,,,,,CUR6470-01_238_04272023_0001124292-C001163176-00-bottom.tif,Y0020_WCM_56038E_C INTERNAL APPROVED 06052020 NA0WCMEOB56038E_0000,80.65257263183594,,,Y0020_WCM_56038E_C INTERNAL APPROVED 06052020,,,NA0WCMEOB56038E_0000,,,,,"['Tesseract app_code is Y0020_WCM_56038E_C INTERNAL APPROVED 06052020', 'Textract app_code is Y0020_WCM_56038E_C INTERNAL APPROVED 06052020', 'Tesseract twenty_code is NA0WCMEOB56038E_0000', 'Textract twenty_code is NA0WCMEOB56038E_0000']"
68,100-match-mod-spaces,100-match-mod-spaces,,,,,CUR6470-01_238_04272023_0001124292-C001163178-00-bottom.tif,Y0020_WCM_56038E_C INTERNAL APPROVED 06052020 NA0WCMEOB56038E_0000,72.8974609375,,,Y0020_WCM_56038E_C INTERNAL APPROVED 06052020,,,NA0WCMEOB56038E_0000,,,,,"['Tesseract app_code is YO0020_WCM_56038E_C INTERNAL APPROVED 06052020', 'Textract app_code is Y0020_WCM_56038E_C INTERNAL APPROVED 06052020', 'Tesseract twenty_code is NA0WCMEOBS6038E_0000', 'Textract twenty_code is NA0WCMEOB56038E_0000']"
69,100-match-mod-spaces,100-match-mod-spaces,,,,,CUR6470-01_238_04272023_0001124292-C001163219-00-bottom.tif,Y0020_WCM_96260E_C INTERNAL APPROVED 03212022 NA2WCMLTR96260E_0000,90.5606918334961,,,Y0020_WCM_96260E_C INTERNAL APPROVED 03212022,,,NA2WCMLTR96260E_0000,,,,,"['Tesseract app_code is Y0020_WCM_96260E_C INTERNAL APPROVED 03212022', 'Textract app_code is Y0020_WCM_96260E_C INTERNAL APPROVED 03212022', 'Tesseract twenty_code is NA2WCMLTR96260E_0000', 'Textract twenty_code is NA2WCMLTR96260E_0000']"
70,100-match-mod-spaces,100-match-mod-spaces,,,,,CUR6470-01_238_04272023_0001124292-C001163239-00-bottom.tif,Y0020_WCM_79520E_C INTERNAL APPROVED 07282021 NA2WCMEOB79520E_2022,35.08457946777344,,,Y0020_WCM_79520E_C INTERNAL APPROVED 07282021,,,NA2WCMEOB79520E_2022,,,,,"['Tesseract app_code is Y0020_WCM_79520E_C INTERNAL APPROVED 07282021', 'Textract app_code is Y0020_WCM_79520E_CINTERNAL APPROVED 07282021', 'Tesseract twenty_code is NA2WCMEOB79520E_2022', 'Textract twenty_code is NA2WCMEOB79520E_2022']"
71,100-match-mod-spaces,100-match-mod-spaces,,,,,CUR6470-01_238_04272023_0001124292-C001163254-00-bottom.tif,Y0020_WCM_79520E_C INTERNAL APPROVED 07282021 NA2WCMEOB79520E_2022,95.54002380371094,,,Y0020_WCM_79520E_C INTERNAL APPROVED 07282021,,,NA2WCMEOB79520E_2022,,,,,"['Tesseract app_code is Y0020_WCM_79520E_C INTERNAL APPROVED 07282021', 'Textract app_code is Y0020_WCM_79520E_CINTERNALAPPROVED 07282021', 'Tesseract twenty_code is NA2WCMEOB79520E 2022', 'Textract twenty_code is NA2WCMEOB79520E_2022']"
72,100-match-mod-spaces,100-match-mod-spaces,,,,,CUR6470-01_241_04272023_0001124368-C001165755-00-bottom.tif,Y0020_WCM_79520E_C INTERNAL APPROVED 07282021 NA2WCMEOB79520E_2022,84.40106964111328,,,Y0020_WCM_79520E_C INTERNAL APPROVED 07282021,,,NA2WCMEOB79520E_2022,,,,,"['Tesseract app_code is Y0020_WCM_79520E_C INTERNAL APPROVED 07282021', 'Textract app_code is Y0020_WCM_79520E_C INTERNAL APPROVED 07282021', 'Tesseract twenty_code is NA2WCMEOB79520E 2022', 'Textract twenty_code is NA2WCMEOB79520E_2022']"
73,100-match-mod-spaces,100-match-mod-spaces,,,,,CUR6470-01_251_04272023_0002124518-C001170499-00-bottom.tif,Y0020_WCM_100186E_C INTERNAL APPROVED 07252022 NA3WCMEOB00186E_0000,88.78064516129032,,,Y0020_WCM_100186E_C INTERNAL APPROVED 07252022,,,NA3WCMEOB00186E_0000,,,,,"['Tesseract app_code is Y0020_WCM_100186E_C INTERNAL APPROVED 07252022', 'Textract app_code is Y0020_WCM_100186E_CINTERNAL APPROVED 07252022', 'Tesseract twenty_code is NA3WCMEOBO00186E_0000', 'Textract twenty_code is NA3WCMEOB00186E_0000']"
74,100-match-mod-spaces,100-match-mod-spaces,,,,,CUR6470-01_251_04272023_0002124518-C001170532-00-bottom.tif,Y0020_WCM_100186E_C INTERNAL APPROVED 07252022 NA3WCMEOB00186E_0000,87.8895492553711,,,Y0020_WCM_100186E_C INTERNAL APPROVED 07252022,,,NA3WCMEOB00186E_0000,,,,,"['Tesseract app_code is Y0020_WCM_100186E_C INTERNAL APPROVED 07252022', 'Textract app_code is Y0020_WCM_100186E_C INTERNAL APPROVED 07252022', 'Tesseract twenty_code is NA3WCMEOB00186E_0000', 'Textract twenty_code is NA3WCMEOB00186E_0000']"
75,100-match-mod-spaces,100-match-mod-spaces,,,,,CUR6470-01_251_04272023_0002124518-C001170563-00-bottom.tif,Y0020_WCM_100186E_C INTERNAL APPROVED 07252022 NA3WCMEOB00186E_0000,83.60000000000001,,,Y0020_WCM_100186E_C INTERNAL APPROVED 07252022,,,NA3WCMEOB00186E_0000,,,,,"['Tesseract app_code is Y0020_WCM_100186E_C INTERNAL APPROVED 07252022', 'Textract app_code is Y0020_WCM_100186E_CINTERNAL APPROVED 07252022', 'Tesseract twenty_code is NA3WCMEOBO00186E_0000', 'Textract twenty_code is NA3WCMEOB00186E_0000']"
76,recovery,100-match-mod-spaces,90.62,,100.0,,CUR6470-01_277_04282023_0001125227-C001182242-00-bottom.tif,Y0020_WCM_79520E_C INTERNAL APPROVED 07282021 NA2WCMEOB79520E_2022,94.19097137451172,Y0020_WCM_79520E C INTERNAL APPROVED 07282021,Y0020_WCM_79520E C INTERNAL APPROVED 07282021,Y0020_WCM_79520E_C INTERNAL APPROVED 07282021,,,NA2WCMEOB79520E_2022,,,,,"['Tesseract app_code is Y0020_WCM_79520E C INTERNAL APPROVED 07282021', 'Textract app_code is Y0020_WCM_79520E_CINTERNAL APPROVED 07282021', 'Tesseract twenty_code is NA2WCMEOB79520E 2022', 'Textract twenty_code is NA2WCMEOB79520E_2022']"
77,recovery,100-match-mod-spaces,91.11,,97.27,,CUR6470-01_277_04282023_0001125227-C001182299-00-bottom.tif,Y0020_WCM_79520E_C INTERNAL APPROVED 07282021 NA2WCMEOB79520E_2022,93.25469970703125,Y0020_WCM_79520E C INTERNAL APPROVED 07282021,Y0020_WCM_79520E C INTERNAL APPROVED 07282021,Y0020_WCM_79520E_C INTERNAL APPROVED 07282021,,,NA2WCMEOB79520E_2022,,,,,"['Tesseract app_code is Y0020_WCM_79520E C INTERNAL APPROVED 07282021', 'Textract app_code is Y0020_WCM_79520E_CINTERNALAPPROVED 07282021', 'Tesseract twenty_code is NA2WCMEOB79520E_2022', 'Textract twenty_code is NA2WCMEOB79520E_2022']"
78,100-match-mod-spaces,100-match-mod-spaces,,,,,CUR6470-01_277_04282023_0001125227-C001182314-00-bottom.tif,Y0020_WCM_79520E_C INTERNAL APPROVED 07282021 NA2WCMEOB79520E_2022,85.27619047619048,,,Y0020_WCM_79520E_C INTERNAL APPROVED 07282021,,,NA2WCMEOB79520E_2022,,,,,"['Tesseract app_code is Y0020_WCM_79520E_C INTERNAL APPROVED 07282021', 'Textract app_code is Y0020_WCM_79520E_CINTERNALAPPROVED 07282021', 'Tesseract twenty_code is NA2WCMEOB79520E_2022', 'Textract twenty_code is NA2WCMEOB79520E_2022']"
79,100-match-mod-spaces,100-match-mod-spaces,,,,,CUR6470-01_311_04292023_0001125317-C001200961-00-bottom.tif,Y0020_WCM_56038E_C INTERNAL APPROVED 06052020 NA0WCMEOB56038E_0000,71.97057342529297,,,Y0020_WCM_56038E_C INTERNAL APPROVED 06052020,,,NA0WCMEOB56038E_0000,,,,,"['Tesseract app_code is Y0020_WCM_56038E_C INTERNAL APPROVED 06052020', 'Textract app_code is Y0020_WCM_56038E_C INTERNAL APPROVED 06052020', 'Tesseract twenty_code is NA0WCMEOB56038E_0000', 'Textract twenty_code is NA0WCMEOB56038E_0000']"
80,fallback-1,100-match-mod-spaces,,,,,CUR6470-01_311_04292023_0001125317-C001200979-00-bottom.tif,Y0020_WCM_106335M_C INTERNAL APPROVED 07062022 TX3UXRLTR10779E_0000,65.59420013427734,,,,,,TX3UXRLTR10779E_0000,Y0020_WCM_106335M_C INTERNAL APPROVED 07062022,,,,"['Tesseract twenty_code is FX3UXRLTR10779E_0000', 'Textract twenty_code is TX3UXRLTR10779E_0000', 'Tesseract app_code is Y0020_WCM_106335M_C', 'Textract app_code is Y0020_WCM_106335M_CINTERNAL', 'Tesseract app_code_fallback is FX3UXRLTR10779E_OOOO', 'Textract app_code_fallback is TX3UXRLTR10779E_0000', 'Tesseract app_code_fallback is 0020_WCM_106335M_C INTERNAL APPROVED MMDDYYYY', 'Textract app_code_fallback is Y0020_WCM_106335M_CINTERNAL APPROVED MMDDYYYY']"
81,100-match-mod-spaces,100-match-mod-spaces,,,,,CUR6470-01_311_04292023_0001125317-C001201036-00-bottom.tif,Y0020_WCM_79520E_C INTERNAL APPROVED 07282021 NA2WCMEOB79520E_2022,96.07561492919922,,,Y0020_WCM_79520E_C INTERNAL APPROVED 07282021,,,NA2WCMEOB79520E_2022,,,,,"['Tesseract app_code is Y0020_WCM_79520E_C INTERNAL APPROVED 07282021', 'Textract app_code is Y0020_WCM_79520E_CINTERNALAPPROVED 07282021', 'Tesseract twenty_code is NA2WCMEOB79520E_2022', 'Textract twenty_code is NA2WCMEOB79520E_2022']"
82,100-match-mod-spaces,table,,,,,CUR6470-01_311_04292023_0001125317-C001201044-00-bottom.tif,Y0020_WCM_79520E_C INTERNAL APPROVED 07282021 NA2WCMEOB79520E_2022,59.55673599243164,,,Y0020_WCM_79520E_C INTERNAL APPROVED 07282021,,,NA2WCMEOB79520E_2022,,,,,"['Tesseract app_code is Y0020_WCM_79520E_C INTERNAL APPROVED 07282021', 'Textract app_code is (0020_WCM_79520E_CINTERNAL APPROVED 07282021', 'Tesseract twenty_code is NA2WCMEOB79520E_2022', 'Textract twenty_code is NA2WCMEOB79520E 2022']"
83,100-match-mod-spaces,100-match-mod-spaces,,,,,CUR6470-01_315_05012023_0004125683-C001202767-00-bottom.tif,Y0020_WCM_106335M_C INTERNAL APPROVED 07292022 NA3WCMLTR22018S_0000,74.33680725097656,,,Y0020_WCM_106335M_C INTERNAL APPROVED 07292022,,,NA3WCMLTR22018S_0000,,,,,"['Textract twenty_code is NA3WCMLTR22018S_0000', 'Tesseract app_code is Y0020_WCM_106335M_C INTERNALAPPROVED07292022', 'Textract app_code is Y0020_WCM_106335M_CINTERNALAPPROVED07292022']"
84,100-match-mod-spaces,100-match-mod-spaces,,,,,CUR6470-01_316_05012023_0001126156-C001202958-01-bottom.tif,Y0020_WCM_91154E_C INTERNAL APPROVED 11022021 NA2PDGLTR20448E_0000,90.81688690185547,,,Y0020_WCM_91154E_C INTERNAL APPROVED 11022021,,,NA2PDGLTR20448E_0000,,,,,"['Tesseract app_code is Y0020_WCM_91154E_C INTERNAL APPROVED 11022021', 'Textract app_code is Y0020_WCM_91154E_C INTERNAL APPROVED 11022021', 'Tesseract twenty_code is NA2PDGLTR20448E_0000', 'Textract twenty_code is NA2PDGLTR20448E_0000']"
85,100-match-mod-spaces,100-match-mod-spaces,,,,,CUR6470-01_316_05012023_0001126156-C001203004-00-bottom.tif,Y0020_WCM_100186E_C INTERNAL APPROVED 07252022 NA3WCMEOB00186E_0000,88.50984191894531,,,Y0020_WCM_100186E_C INTERNAL APPROVED 07252022,,,NA3WCMEOB00186E_0000,,,,,"['Tesseract app_code is Y0020_WCM_100186E_C INTEMAL APPROVED 07252022', 'Textract app_code is Y0020_WCM_100186E_CINTERNALAPPROVED 07252022', 'Tesseract twenty_code is NA3WCMEOB00186E_0000', 'Textract twenty_code is NA3WCMEOB00186E_0000']"
86,100-match-mod-spaces,100-match-mod-spaces,,,,,CUR6470-01_317_05012023_0001125667-C001203301-00-bottom.tif,Y0020_WCM_100186E_C INTERNAL APPROVED 07252022 NA3WCMEOB00186E_0000,62.85714285714287,,,Y0020_WCM_100186E_C INTERNAL APPROVED 07252022,,,NA3WCMEOB00186E_0000,,,,,"['Tesseract app_code is Y0020_WCM_100186E_C INTERNAL APPROVED 07252022', 'Textract app_code is (0020_WCM_100186E_C INTERNAL APPROVED 07252022', 'Tesseract twenty_code is NA3WCMEOB00186E_0000', 'Textract twenty_code is NA3WCMEOB00186E_0000']"
87,back-up,,,,,,CUR6470-01_322_05012023_0001126087-C001205488-02-bottom.tif,Y0020_21_24677LTR_C_05182021 ,42.87760124206543,,,,,,,,,Y0020_21_24677LTR_C_05182021,,"['Tesseract app_code is Y0020_21_24677LTR_C_05182021', 'Textract app_code is Y0020_21_24677LTR_C_05182021', 'Tesseract twenty_code_fallback is EEE EEE IRE EE IDE ONE RE EE ANA NE DF HE TE FO', 'Textract twenty_code_fallback is - E 7117', 'Tesseract twenty_code_fallback is OCTOBER 1 TO MARCH 31 YOU CAN CALL US 7 DAYS A WEEK FROM 8 AM TO 8 P_M FROM APRIL 1 TO', 'Textract twenty_code_fallback is OCTOBER 1 TO MARCH 31, YOU CAN CALL US 7 DAYS A WEEK FROM 8 A.M. TO 8 P.M. FROM APRIL 1 TO', 'Tesseract twenty_code_fallback is SEPTEMBER 30 YOU CAN CALL US MONDAY THROUGH FRIDAY FROM 8 AM TO 8 PM A MESSAGING', 'Textract twenty_code_fallback is SEPTEMBER 30, YOU CAN CALL US MONDAY THROUGH FRIDAY FROM 8 A.M. TO 8 P.M. A MESSAGING', 'Tesseract twenty_code_fallback is SYSTEM IS USED AFTER HOURS WEEKENDS AND ON FEDERAL HOLIDAYS', 'Textract twenty_code_fallback is SYSTEM IS USED AFTER HOURS, WEEKENDS, AND ON FEDERAL HOLIDAYS.', 'Tesseract twenty_code_fallback is YOO20_21 24677LTR_C_05182021', 'Textract twenty_code_fallback is Y0020_21_24677LTR_C_05182021']"
88,100-match-mod-spaces,100-match-mod-spaces,,,,,CUR6470-01_351_05012023_0001126279-C001217115-00-bottom.tif,Y0020_WCM_96260E_C INTERNAL APPROVED 03212022 NA2WCMLTR96260E_0000,90.521728515625,,,Y0020_WCM_96260E_C INTERNAL APPROVED 03212022,,,NA2WCMLTR96260E_0000,,,,,"['Tesseract app_code is Y0020_WCM_96260E_C INTERNAL APPROVED 03212022', 'Textract app_code is Y0020_WCM_96260E_C INTERNAL APPROVED 03212022', 'Tesseract twenty_code is NA2WCMLTR96260E_0000', 'Textract twenty_code is NA2WCMLTR96260E_0000']"
89,recovery,100-match-mod-spaces,96.04,,100.0,,CUR6470-01_351_05012023_0001126279-C001217160-00-bottom.tif,Y0070_PDP 46156E_C INTERNAL APPROVED 10022019 NA0PDGLTR46156E_0000,91.92890930175781,Y0070 PDP 46156E C INTERNAL APPROVED 10022019,Y0070 PDP 46156E C INTERNAL APPROVED 10022019,Y0070_PDP 46156E_C INTERNAL APPROVED 10022019,,,NA0PDGLTR46156E_0000,,,,,"['Tesseract app_code is Y0070 PDP 46156E C INTERNAL APPROVED 10022019', 'Textract app_code is Y0070_PDP_46156E_CINTERNAL APPROVED 10022019', 'Tesseract twenty_code is NA0PDGLTR46156E_0000', 'Textract twenty_code is NA0PDGLTR46156E_0000']"
90,100-match-mod-spaces,100-match-mod-spaces,,,,,CUR6470-01_362_05012023_0001126318-C001221765-00-bottom.tif,Y0020_WCM_79520E_C INTERNAL APPROVED 07282021 NA2WCMEOB79520E_2022,89.70104217529297,,,Y0020_WCM_79520E_C INTERNAL APPROVED 07282021,,,NA2WCMEOB79520E_2022,,,,,"['Tesseract app_code is Y0020_WCM_79520E_C INTERNAL APPROVED 07282021', 'Textract app_code is Y0020_WCM_79520E_C INTERNAL APPROVED 07282021', 'Tesseract twenty_code is NA2WCMEOB79520E_2022', 'Textract twenty_code is NA2WCMEOB79520E_2022']"
91,recovery,100-match-mod-spaces,77.41,,100.0,,CUR6470-01_362_05012023_0001126318-C001221769-00-bottom.tif,PRO_108483E_STATO APPROVED 08052022 NA2PROLTR08483E_0000,76.56289672851562,PRO_108483E_STATO APPROVED 08052022,PRO_108483E_STATO APPROVED 08052022,PRO_108483E STATE APPROVED 08052022,,,NA2PROLTR08483E_0000,,,,,"['Tesseract app_code is PRO_108483E_STATO APPROVED 08052022', 'Textract app_code is PRO_108183E_STATOAPPROVOD 08052022', 'Tesseract twenty_code is NA2PROLTRO8483E_0000', 'Textract twenty_code is NA2PROLTR08483E_0000']"
92,100-match-mod-spaces,100-match-mod-spaces,,,,,CUR6470-01_362_05012023_0001126318-C001221821-00-bottom.tif,Y0020_WCM_56038E_C INTERNAL APPROVED 06052020 NA0WCMEOB56038E_0000,64.75989532470703,,,Y0020_WCM_56038E_C INTERNAL APPROVED 06052020,,,NA0WCMEOB56038E_0000,,,,,"['Tesseract app_code is Y0020_WCM_56038E_C INTERNAL APPROVED 06052020', 'Textract app_code is Y0020_WCM_56038E_C INTERNAL APPROVED 06052020', 'Tesseract twenty_code is NA0WCMEOBS6038E_0000', 'Textract twenty_code is NA0WCMEOB56038E_0000']"
93,recovery,table,95.91,,95.59,,CUR6470-01_368_05012023_0001126290-C001224087-00-bottom.tif,Y0020_WCM_79520E_C INTERNAL APPROVED 07282021 NA2WCMEOB79520E_2022,65.17742156982422,Y0020_WCM_79520E C INTERNAL APPROVED 07282021,Y0020_WCM_79520E C INTERNAL APPROVED 07282021,Y0020_WCM_79520E_C INTERNAL APPROVED 07282021,,,NA2WCMEOB79520E_2022,,,,,"['Tesseract app_code is Y0020_WCM_79520E C INTERNAL APPROVED 07282021', 'Textract app_code is Y0020_WCM_79520E_CINTERNAL APPROVED 07282021', 'Tesseract twenty_code is NA2WCMEOB79520E 2022', 'Textract twenty_code is NA2WCMEOB79520E 2022']"
94,100-match-mod-spaces,100-match-mod-spaces,,,,,CUR6470-01_368_05012023_0001126290-C001224110-00-bottom.tif,Y0020_WCM_79520E_C INTERNAL APPROVED 07282021 NA2WCMEOB79520E_2022,71.66410064697266,,,Y0020_WCM_79520E_C INTERNAL APPROVED 07282021,,,NA2WCMEOB79520E_2022,,,,,"['Tesseract app_code is Y0020_WCM_79520E_C INTERNAL APPROVED 07282021', 'Textract app_code is Y0020_WCM_79520E_C INTERNAL APPROVED 07282021', 'Tesseract twenty_code is NA2WCMEOB79520E 2022', 'Textract twenty_code is NA2WCMEOB79520E_2022']"
