,textract_conf_approval,textract_conf_twenty,tesseract_conf_approval,tesseract_conf_twenty,doc,RegId,RegIdConf,app_code_textract,app_code_tesseract,app_code_table_lookup,twenty_code_textract,twenty_code_tesseract,twenty_code_table_lookup,history,app_code_fallback,twenty_code_fallback,textract_conf_app_code,tesseract_conf_app_code
0,,,,,,,,,,,,,,,,,,
1,,,,,C001956461-00-bottom.tif,Y0020_WCM_88642E_C INTERNAL APPROVED 10212021 NA1WCMEOB88642E_0000,78.224609375,,,Y0020_WCM_88642E_C INTERNAL APPROVED 10212021,,,,"['Tesseract app_code is Y0020_WCM_88642E C INTERNAL APPROVED 10212021', 'Textract app_code is Y0020_WCM_88642E_CINTERNAL APPROVED 10212021', 'Tesseract twenty_code_fallback is C001956461', 'Textract twenty_code_fallback is C001956461', 'Tesseract twenty_code_fallback is PAGE 1 OF 8', 'Textract twenty_code_fallback is PAGE 1 OF 8', 'Tesseract twenty_code_fallback is Y0020_WCM_88642E C INTERNAL APPROVED 10212021 KATA TYULTS OR ATOSCVDOOLAYAT NANHHH', 'Textract twenty_code_fallback is Y0020_WCM_88642E_CINTERNAL APPROVED 10212021', 'Tesseract twenty_code_fallback is NAL1WCMEOB88642E__0000', 'Textract twenty_code_fallback is NA1 1WCMEOB88642B_0000']",,,,
2,,,,,C001956463-00-bottom.tif,Y0020_WCM_88642E_C INTERNAL APPROVED 10212021 NA1WCMEOB88642E_0000,66.2048611111111,,,,,,NA1WCMEOB88642E_0000,"['Tesseract app_code is Y0020_WCM_88642E_C INTERNAL APPROVED 10212021', 'Textract app_code is Y0020_WCM_88642E_CINTERNAL APPROVED 10212021', 'Tesseract twenty_code is NA1WCMEOB88642E 0000']",,,,
3,,,,,C001956464-00-bottom.tif,Y0020_WCM_88642E_C INTERNAL APPROVED 10212021 NA1WCMEOB88642E_0000,69.60153846153845,,,,,,NA1WCMEOB88642E_0000,"['Tesseract app_code is Y0020_WCM_88642E_C INTERNAL APPROVED 10212021', 'Textract app_code is Y0020_WCM_88642E_CINTERNALAPPROVED 10212021', 'Tesseract twenty_code is ABORRR4LAIB ANNN', 'Tesseract twenty_code is NA1WCMEOB88642E 0000']",,,,
4,,,,,C001956465-00-bottom.tif,Y0020_WCM_88642E_C INTERNAL APPROVED 10212021 NA1WCMEOB88642E_0000,65.96071428571427,,,,,,,"['Tesseract app_code is Y0020_WCM_88642E_C INTERNAL APPROVED 10212021', 'Textract app_code is Y0020_WCM_88642E_CINTERNAL APPROVED 10212021', 'Textract twenty_code_fallback is OAK', 'Textract twenty_code_fallback is CARE VERORE WE BEGIN TO PAY.', 'Tesseract twenty_code_fallback is 001956465', 'Textract twenty_code_fallback is C001956465', 'Tesseract twenty_code_fallback is PAGE 1 OF 8', 'Textract twenty_code_fallback is PAGE 1 OF 8', 'Tesseract twenty_code_fallback is Y0020_WCM_88642E_C INTERNAL APPROVED 10212021 MTA YK TIER STAI LATRAONM ST AAT HH LHULNNMNM', 'Textract twenty_code_fallback is Y0020_WCM_88642E_CINTERNAL APPROVED 10212021', 'Tesseract twenty_code_fallback is NA1 WCMEOB88642E 0000', 'Textract twenty_code_fallback is NA1 WCMEOB88642E_0000']",,,,
5,,,,,C001956466-00-bottom.tif,Y0020_WCM_88642E_C INTERNAL APPROVED 10212021 NA1WCMEOB88642E_0000,59.349999999999994,,,,,,,"['Tesseract app_code is Y0020_WCM_88642E_C INTERNAL APPROVED 10212021', 'Textract app_code is Y0020_WCM_88642E_CINTERNAL APPROVED 10212021', 'Textract twenty_code is NA1WCMEOB88642E_0000']",,,,
6,,,,,C001956467-00-bottom.tif,Y0020_WCM_88642E_C INTERNAL APPROVED 10212021 NA1WCMEOB88642E_0000,52.32135009765625,,,,,,,"['Tesseract app_code is Y0020_WCM_88642E_C INTERNAL APPROVED 10212021', 'Textract app_code is Y0020_WCM_88642E_C INTERNALAPPROVED 10212021', 'Tesseract twenty_code is NA1WCMEOB88642E_0000', 'Textract twenty_code is NA1WCMEOB88642E_0000']",,,,
7,,,,,C001956468-00-bottom.tif,Y0020_WCM_88642E_C INTERNAL APPROVED 10212021 NA1WCMEOB88642E_0000,94.26614379882812,,,Y0020_WCM_88642E_C INTERNAL APPROVED 10212021,,,,"['Tesseract app_code is Y0020_WCM_88642E C INTERNAL APPROVED 10212021', 'Textract app_code is Y0020_WCM_88642E_CINTERNAL APPROVED 10212021', 'Tesseract twenty_code is NA1WCMEOB88642E_0000', 'Textract twenty_code is NA1WCMEOB88642E_0000']",,,,
8,,,,,C001956469-00-bottom.tif,Y0020_WCM_88642E_C INTERNAL APPROVED 10212021 NA1WCMEOB88642E_0000,67.46666666666665,,,,,,NA1WCMEOB88642E_0000,"['Tesseract app_code is Y0020_WCM_88642E_C INTERNAL APPROVED 10212021', 'Textract app_code is Y0020_WCM_88642E_CINTERNAL APPROVED 10212021', 'Tesseract twenty_code is NA1WCMEOB88642E 0000']",,,,
9,,,,,C001956470-00-bottom.tif,Y0020_WCM_88642E_C INTERNAL APPROVED 10212021 NA1WCMEOB88642E_0000,68.23897058823529,,,,,,,"['Tesseract app_code is Y0020_WCM_88642E_C INTERNAL APPROVED 10212021', 'Textract app_code is Y0020_WCM_88642E_CINTERNAL APPROVED 10212021', 'Tesseract twenty_code is NA1WCMEOB88642E_0000']",,,,
10,,,,,C001956471-00-bottom.tif,Y0020_WCM_88642E_C INTERNAL APPROVED 10212021 NA1WCMEOB88642E_0000,68.39868927001953,,,,,,NA1WCMEOB88642E_0000,"['Tesseract app_code is Y0020_WCM_88642E_C INTERNAL APPROVED 10212021', 'Textract app_code is Y0020_WCM_88642E_C INTERNAL APPROVED 10212021', 'Tesseract twenty_code is NA1WCMEOB88642E 0000']",,,,
11,,,,,C001956472-00-bottom.tif,Y0020_WCM_88642E_C INTERNAL APPROVED 10212021 NA1WCMEOB88642E_0000,89.94719696044922,,,Y0020_WCM_88642E_C INTERNAL APPROVED 10212021,,,,"['Tesseract app_code is Y0020_WCM_88642E C INTERNAL APPROVED 10212021', 'Textract app_code is Y0020_WCM_88642E_CINTERNAL APPROVED 10212021', 'Tesseract twenty_code is NA1WCMEOB88642E_0000', 'Textract twenty_code is NA1WCMEOB88642E_0000']",,,,
12,,,,,C001956473-00-bottom.tif,Y0020_WCM_88642E_C INTERNAL APPROVED 10212021 NA1WCMEOB88642E_0000,68.36666666666666,,,,,,,"['Tesseract app_code is Y0020_WCM_88642E_C INTERNAL APPROVED 10212021', 'Textract app_code is Y0020_WCM_88642E_CINTERNAL APPROVED 10212021', 'Textract twenty_code is NA1WCMEOB88642E_0000']",,,,
13,,,,,C001956474-00-bottom.tif,Y0020_WCM_88642E_C INTERNAL APPROVED 10212021 NA1WCMEOB88642E_0000,81.33570098876953,,,Y0020_WCM_88642E_C INTERNAL APPROVED 10212021,,,,"['Tesseract app_code is Y0020_WCM_88642E C INTERNAL APPROVED 10212021', 'Textract app_code is Y0020_WCM_88642E_CINTERNAL APPROVED 10212021', 'Tesseract twenty_code is NA1WCMEOB88642E 0000', 'Textract twenty_code is NA1WCMEOB88642E_0000']",,,,
14,,,,,C001956475-00-bottom.tif,Y0020_WCM_88642E_C INTERNAL APPROVED 10212021 NA1WCMEOB88642E_0000,91.29883575439453,,,Y0020_WCM_88642E_C INTERNAL APPROVED 10212021,,,,"['Tesseract app_code is Y0020_WCM_88642E C INTERNAL APPROVED 10212021', 'Textract app_code is Y0020_WCM_88642E_CINTERNAL APPROVED 10212021', 'Textract twenty_code is NA1WCMEOB88642E_0000']",,,,
15,,,,,C001956476-00-bottom.tif,Y0020_WCM_88642E_C INTERNAL APPROVED 10212021 NA1WCMEOB88642E_0000,52.684374999999996,Y0020_WCM_88642E C INTERNAL APPROVED 10212021,Y0020_WCM_88642E C INTERNAL APPROVED 10212021,Y0020_WCM_88642E_C INTERNAL APPROVED 10212021,,,,"['Tesseract app_code is Y0020_WCM_88642E C INTERNAL APPROVED 10212021', 'Textract app_code is Y0020_WCM_88642E_CINTERNAL APPROVED 10212021', 'Tesseract twenty_code is UTORAARORRQRLAIR NNN', 'Tesseract twenty_code is NA1WCMEOB88642E_0000']",,,79.64,72.54
16,,,,,C001956477-00-bottom.tif,Y0020_WCM_88642E_C INTERNAL APPROVED 10212021 NA1WCMEOB88642E_0000,73.14725494384766,,,,,,,"['Tesseract app_code is Y0020 WCM_88642E C INTERNAL APPROVED 10212021', 'Textract app_code is Y0020_WCM_88642E_C INTERNAL APPROVED 10212021', 'Tesseract twenty_code is ARORRQZAMR NON', 'Tesseract twenty_code is NA1WCMEOB88642E_0000', 'Textract twenty_code is NA1WCMEOB88642E_0000']",,,,
17,,,,,C001956478-00-bottom.tif,Y0020_WCM_88642E_C INTERNAL APPROVED 10212021 NA1WCMEOB88642E_0000,93.79839324951172,,,,,,,"['Tesseract app_code is Y0020_WCM_88642E_C INTERNAL APPROVED 10212021', 'Textract app_code is Y0020_WCM_88642E_CINTERNAL APPROVED 10212021', 'Textract twenty_code is NA1WCMEOB88642E_0000']",,,,
18,,,,,C001956479-00-bottom.tif,Y0020_WCM_88642E_C INTERNAL APPROVED 10212021 NA1WCMEOB88642E_0000,93.37686157226562,,,Y0020_WCM_88642E_C INTERNAL APPROVED 10212021,,,,"['Tesseract app_code is Y0020_WCM_88642E C INTERNAL APPROVED 10212021', 'Textract app_code is Y0020_WCM_88642E_CINTERNAL APPROVED 10212021', 'Tesseract twenty_code is NA1WCMEOB88642E 0000', 'Textract twenty_code is NA1WCMEOB88642E_0000']",,,,
19,,,,,C001956480-00-bottom.tif,Y0020_WCM_88642E_C INTERNAL APPROVED 10212021 NA1WCMEOB88642E_0000,86.04723358154297,,,Y0020_WCM_88642E_C INTERNAL APPROVED 10212021,,,,"['Tesseract app_code is Y0020_WCM_88642E C INTERNAL APPROVED 10212021', 'Textract app_code is Y0020_WCM_88642E_CINTERNALAPPROVED 10212021', 'Tesseract twenty_code_fallback is A CARE BEFORE WE BEGIN TO PAY', 'Textract twenty_code_fallback is CARE BEFORE WE BEGIN TO PAY.', 'Tesseract twenty_code_fallback is C001956480', 'Textract twenty_code_fallback is C001956480', 'Tesseract twenty_code_fallback is PAGE 1 OF 8', 'Textract twenty_code_fallback is PAGE 1 OF 8', 'Tesseract twenty_code_fallback is Y0020_WCM_88642E C INTERNAL APPROVED 10212021 NRTA LTEXKIS IBA AM SCAMOOLC AAT NAKHH', 'Textract twenty_code_fallback is Y0020_WCM_88642E_CINTERNALAPPROVED 10212021', 'Tesseract twenty_code_fallback is NAI WCMEOB 88642E 0000', 'Textract twenty_code_fallback is NAI 1WCMEOB88642E_0000']",,,,
20,,,,,C001956481-00-bottom.tif,Y0020_WCM_88642E_C INTERNAL APPROVED 10212021 NA1WCMEOB88642E_0000,61.94318181818182,,,,,,,"['Tesseract app_code is Y0020_WCM_88642E_C INTERNAL APPROVED 10212021', 'Textract app_code is 70020_WCM_88642E_C INTERNAL APPROVED 10212021', 'Tesseract twenty_code is YBOQLAXTD NNO', 'Tesseract twenty_code is NA1WCMEOB88642E_0000']",,,,
21,,,,,C001956482-00-bottom.tif,Y0020_WCM_96260E_C INTERNAL APPROVED 03212022 NA2WCMLTR96260E_0000,85.56038665771484,,,,,,,"['Tesseract app_code is Y0020_WCM_96260E_C INTERNAL APPROVED 03212022', 'Textract app_code is Y0020_WCM_96260E_C INTERNAL APPROVED 03212022', 'Tesseract twenty_code is NA2WCMLTR96260E_0000', 'Textract twenty_code is NA2WCMLTR96260E_0000']",,,,
22,,,,,C001956483-00-bottom.tif,Y0020_WCM_88642E_C INTERNAL APPROVED 10212021 NA1WCMEOB88642E_0000,57.935135135135134,,,,,,,"['Tesseract app_code is Y0020_WCM_88642E_C INTERNAL APPROVED 10212021', 'Textract app_code is Y0020_WCM_88642E_CINTERNALAPPROVED 10212021', 'Tesseract twenty_code_fallback is A CARE BEFORE WE BEGIN TO PAY', 'Textract twenty_code_fallback is CARE BEFORE WE BEGIN TO PAY.', 'Tesseract twenty_code_fallback is C001956483', 'Textract twenty_code_fallback is C001956483', 'Tesseract twenty_code_fallback is PAGE 1 OF 8', 'Textract twenty_code_fallback is PAGE 1 OF 8', 'Tesseract twenty_code_fallback is Y0020_WCM_88642E_C INTERNAL APPROVED 10212021 RTA TIYITS A ALDSADOOLAYVLT NAHIFTTHN', 'Textract twenty_code_fallback is Y0020_WCM_88642E_CINTERNALAPPROVED 10212021', 'Tesseract twenty_code_fallback is EE SOISIES IIE TS_RARE NAIWCMEOB88642E__0000', 'Textract twenty_code_fallback is NA1 WCMEOB88642E_0000']",,,,
23,,,,,C001956484-00-bottom.tif,Y0020_WCM_88642E_C INTERNAL APPROVED 10212021 NA1WCMEOB88642E_0000,22.08,,,,,,,"['Tesseract app_code is Y0020_WCM_88642E_C INTERNAL APPROVED 10212021', 'Textract app_code is 70020_WCM_88642E_CINTERNAL APPROVED 10212021', 'Tesseract twenty_code is NA1WCMEOB88642E_0000', 'Textract twenty_code is JA1WCMEOB88642E_0000']",,,,
24,,,,,C001956485-00-bottom.tif,Y0020_WCM_88642E_C INTERNAL APPROVED 10212021 NA1WCMEOB88642E_0000,71.46197183098592,,,,,,,"['Tesseract app_code is Y0020_WCM_88642E_C INTERNAL APPROVED 10212021', 'Textract app_code is Y0020_WCM_88642E_CINTERNAL APPROVED 10212021', 'Tesseract twenty_code is NA1WCMEOB88642E_0000', 'Textract twenty_code is NA1WCMEOB88642E_0000']",,,,
25,,,,,C001956486-00-bottom.tif,Y0020_WCM_88642E_C INTERNAL APPROVED 10212021 NA1WCMEOB88642E_0000,88.81356811523438,,,Y0020_WCM_88642E_C INTERNAL APPROVED 10212021,,,,"['Tesseract app_code is Y0020_WCM_88642E C INTERNAL APPROVED 10212021', 'Textract app_code is Y0020_WCM_88642E_CINTERNAL APPROVED 10212021', 'Textract twenty_code is NA1WCMEOB88642E_0000']",,,,
26,,,,,C001956487-00-bottom.tif,Y0020_WCM_88642E_C INTERNAL APPROVED 10212021 NA1WCMEOB88642E_0000,64.36666666666666,,,,,,,"['Tesseract app_code is Y0020_WCM_88642E_C INTERNAL APPROVED 10212021', 'Textract app_code is Y0020_WCM_88642E_CINTERNALAPPROVED 10212021', 'Tesseract twenty_code is NA1WCMEOB88642E_0000']",,,,
27,,,,,C001956488-00-bottom.tif,PRO_02430E INTERNAL APPROVED 07052017 NJ7PROLTR02430E_0000,92.88313293457031,,,,,,,"['Tesseract app_code is PRO_02430E INTERNAL APPROVED 07052017', 'Textract app_code is PRO_02430E INTERNAL APPROVED 07052017', 'Tesseract twenty_code is NJ7PROLTR02430E_0000', 'Textract twenty_code is NJ7PROLTR02430E_0000']",,,,
28,,,,,C001956489-00-bottom.tif,Y0020_WCM_88642E_C INTERNAL APPROVED 10212021 NA1WCMEOB88642E_0000,88.31351470947266,,,Y0020_WCM_88642E_C INTERNAL APPROVED 10212021,,,,"['Tesseract app_code is Y0020_WCM_88642E C INTERNAL APPROVED 10212021', 'Textract app_code is Y0020_WCM_88642E_CINTERNAL APPROVED 10212021', 'Textract twenty_code is NA1WCMEOB88642E_0000']",,,,
29,,,,,C001956490-00-bottom.tif,Y0020_WCM_88642E_C INTERNAL APPROVED 10212021 NA1WCMEOB88642E_0000,82.6124038696289,,,Y0020_WCM_88642E_C INTERNAL APPROVED 10212021,,,,"['Tesseract app_code is Y0020_WCM_88642E C INTERNAL APPROVED 10212021', 'Textract app_code is Y0020_WCM_88642E_CINTERNAL, APPROVED 10212021', 'Tesseract twenty_code is NA1WCMEOB88642E_0000', 'Textract twenty_code is NA1WCMEOB88642E_0000']",,,,
30,,,,,C001956491-00-bottom.tif,Y0020_WCM_88642E_C INTERNAL APPROVED 10212021 NA1WCMEOB88642E_0000,93.95160861266166,Y0020_WCM_88642E C INTERNAL APPROVED 10212021,Y0020_WCM_88642E C INTERNAL APPROVED 10212021,Y0020_WCM_88642E_C INTERNAL APPROVED 10212021,,,,"['Tesseract app_code is Y0020_WCM_88642E C INTERNAL APPROVED 10212021', 'Textract app_code is Y0020_WCM_88642E_CINTERNAL APPROVED 10212021', 'Tesseract twenty_code is NA1WCMEOB88642E_0000', 'Textract twenty_code is NA1WCMEOB88642E_0000']",,,83.26,72.1
31,,,,,C001956492-00-bottom.tif,Y0020_WCM_88642E_C INTERNAL APPROVED 10212021 NA1WCMEOB88642E_0000,66.8781690140845,,,,,,,"['Tesseract app_code is Y0020_WCM_88642E_C INTERNAL APPROVED 10212021', 'Textract app_code is Y0020_WCM_88642E_CINTERNAL APPROVED 10212021', 'Tesseract twenty_code_fallback is C001956492', 'Textract twenty_code_fallback is C001956492', 'Tesseract twenty_code_fallback is 1 OF 10', 'Textract twenty_code_fallback is . OF 10', 'Tesseract twenty_code_fallback is Y0020_WCM_88642E C INTERNAL APPROVED 10212021 WT A ATT ITAA TE TLMMAN CP AAMMMT UMMM', 'Textract twenty_code_fallback is Y0020_WCM_88642E_CINTERNAL APPROVED 10212021', 'Tesseract twenty_code_fallback is NAI WCMEOB88642E__0000', 'Textract twenty_code_fallback is NA1 WCMEOB88642E_0000']",,,,
32,,,,,C001956493-00-bottom.tif,Y0020_WCM_88642E_C INTERNAL APPROVED 10212021 NA1WCMEOB88642E_0000,64.69154929577464,,,,,,,"['Tesseract app_code is Y0020_WCM_88642E_C INTERNAL APPROVED 10212021', 'Textract app_code is 70020_WCM_88642E_CINTERNAL APPROVED 10212021', 'Tesseract twenty_code is AI1WCMEOB88642E 0000', 'Textract twenty_code is NA1WCMEOB88642E_0000']",,,,
33,,,,,C001956494-00-bottom.tif,Y0020_WCM_88642E_C INTERNAL APPROVED 10212021 NA1WCMEOB88642E_0000,62.08466666666666,,,,,,,"['Tesseract app_code is Y0020_WCM_88642E_C INTERNAL APPROVED 10212021', 'Textract app_code is Y0020_WCM_88642E_CINTERNALAPPROVED 10212021', 'Tesseract twenty_code is NA1WCMEOB88642E_0000', 'Textract twenty_code is NA1WCMEOB88642E_0000']",,,,
34,,,,,C001956495-00-bottom.tif,Y0020_WCM_88642E_C INTERNAL APPROVED 10212021 NA1WCMEOB88642E_0000,61.361940298507456,,,,,,,"['Tesseract app_code is Y0020_WCM_88642E_C INTERNAL APPROVED 10212021', 'Textract app_code is Y0020_WCM_88642E_CINTERNAL APPROVED 10212021', 'Textract twenty_code is NA1WCMEOB88642E_0000']",,,,
35,,,,,C001956496-00-bottom.tif,Y0020_WCM_88642E_C INTERNAL APPROVED 10212021 NA1WCMEOB88642E_0000,94.3427963256836,,,Y0020_WCM_88642E_C INTERNAL APPROVED 10212021,,,,"['Tesseract app_code is Y0020_WCM_88642E C INTERNAL APPROVED 10212021', 'Textract app_code is Y0020_WCM_88642E_CINTERNAL APPROVED 10212021', 'Tesseract twenty_code is NA1WCMEOB88642E 0000', 'Textract twenty_code is NA1WCMEOB88642E_0000']",,,,
36,,,,,C001956497-00-bottom.tif,Y0020_WCM_88642E_C INTERNAL APPROVED 10212021 NA1WCMEOB88642E_0000,61.08618421052631,,,,,,,"['Tesseract app_code is Y0020_WCM_88642E_C INTERNAL APPROVED 10212021', 'Textract app_code is Y0020_WCM_88642E_CINTERNALAPPROVED 10212021', 'Tesseract twenty_code_fallback is CARE BEFORE WE BEGIN TO PAY', 'Textract twenty_code_fallback is CARE BEFORE WE BEGIN TO PAY.', 'Tesseract twenty_code_fallback is C001956497', 'Textract twenty_code_fallback is C001956497', 'Tesseract twenty_code_fallback is PAGE 1 OF 8', 'Textract twenty_code_fallback is PAGE 1 OF 8', 'Tesseract twenty_code_fallback is Y0020_WCM_88642E C INTERNAL APPROVED 10212021 WT A TEETSLUE LISA OO ST AAMTM ANNNNN', 'Textract twenty_code_fallback is Y0020_WCM_88642E_CINTERNALAPPROVED 10212021', 'Tesseract twenty_code_fallback is NAI1 WCMEOB88642E__0000', 'Textract twenty_code_fallback is NA1 1WCMEOB88642B_0000']",,,,
37,,,,,C001956498-00-bottom.tif,Y0020_WCM_88642E_C INTERNAL APPROVED 10212021 NA1WCMEOB88642E_0000,94.37344360351562,,,Y0020_WCM_88642E_C INTERNAL APPROVED 10212021,,,NA1WCMEOB88642E_0000,"['Tesseract app_code is Y0020_WCM_88642E C INTERNAL APPROVED 10212021', 'Textract app_code is (0020_WCM_88642E_CINTERNAL APPROVED 10212021', 'Tesseract twenty_code is NA1WCMEOB88642E 0000']",,,,
38,,,,,C001956499-00-bottom.tif,Y0020_WCM_88642E_C INTERNAL APPROVED 10212021 NA1WCMEOB88642E_0000,66.73382352941177,,,,,,,"['Tesseract app_code is Y0020_WCM_88642E_C INTERNAL APPROVED 10212021', 'Textract app_code is Y0020_WCM_88642E_CINTERNAL APPROVED 10212021', 'Tesseract twenty_code is NA1WCMEOB88642E_0000', 'Textract twenty_code is NA1WCMEOB88642E_0000']",,,,
39,,,,,C001956500-00-bottom.tif,Y0020_WCM_88642E_C INTERNAL APPROVED 10212021 NA1WCMEOB88642E_0000,72.64765625,,,,,,,"['Tesseract app_code is Y0020_WCM_88642E_C INTERNAL APPROVED 10212021', 'Textract app_code is Y0020_WCM_88642E_CINTERNAL APPROVED 10212021', 'Tesseract twenty_code is ABORRREAXE NNND', 'Tesseract twenty_code is NA1WCMEOB88642E_0000']",,,,
40,,,,,C001956501-00-bottom.tif,Y0020_WCM_88642E_C INTERNAL APPROVED 10212021 NA1WCMEOB88642E_0000,70.39295774647887,,,,,,NA1WCMEOB88642E_0000,"['Tesseract app_code is Y0020_WCM_88642E_C INTERNAL APPROVED 10212021', 'Textract app_code is Y0020_WCM_88642E_CINTERNAL APPROVED 10212021', 'Tesseract twenty_code is NA1WCMEOB88642E 0000']",,,,
41,,,,,C001956502-00-bottom.tif,Y0020_20_17708LTR_C_04012020 ,45.9416389465332,,,,,,,"['Tesseract app_code is Y0020 20 17708LTR_C_04012020', 'Textract app_code is Y0020_20_17708LTR_C_04012020', 'Tesseract app_code is OMB APPROVAL 09380829', 'Tesseract app_code_fallback is C001956502', 'Textract app_code_fallback is C001956502', 'Tesseract twenty_code_fallback is C001956502', 'Textract twenty_code_fallback is C001956502', 'Tesseract app_code_fallback is Y0020 20 17708LTR_C_04012020', 'Textract app_code_fallback is Y0020_20_17708LTR_C_04012020', 'Tesseract twenty_code_fallback is Y0020 20 17708LTR_C_04012020', 'Textract twenty_code_fallback is Y0020_20_17708LTR_C_04012020', 'Tesseract app_code_fallback is FORM CMS 10003NDMCP', 'Textract app_code_fallback is FORM CMS 10003-NDMCP', 'Tesseract twenty_code_fallback is FORM CMS 10003NDMCP', 'Textract twenty_code_fallback is FORM CMS 10003-NDMCP', 'Tesseract app_code_fallback is OMB APPROVAL 09380829 EXPIRES 02282023', 'Textract app_code_fallback is OMB APPROVAL 0938-0829 (EXPIRES: 02/28/2023)', 'Tesseract twenty_code_fallback is OMB APPROVAL 09380829 EXPIRES 02282023', 'Textract twenty_code_fallback is OMB APPROVAL 0938-0829 (EXPIRES: 02/28/2023)']",,,,
42,,,,,C001956504-00-bottom.tif,Y0020_20_17708LTR_C_04012020 ,46.96748733520508,,,,,,,"['Tesseract app_code is Y0020 20 17708LTR_C_04012020', 'Textract app_code is Y0020_20_17708LTR_C_04012020', 'Tesseract app_code is OMB APPROVAL 09380829', 'Tesseract app_code_fallback is C001956504', 'Textract app_code_fallback is C001956504', 'Tesseract twenty_code_fallback is C001956504', 'Textract twenty_code_fallback is C001956504', 'Tesseract app_code_fallback is Y0020 20 17708LTR_C_04012020', 'Textract app_code_fallback is Y0020_20_17708LTR_C_04012020', 'Tesseract twenty_code_fallback is Y0020 20 17708LTR_C_04012020', 'Textract twenty_code_fallback is Y0020_20_17708LTR_C_04012020', 'Tesseract app_code_fallback is FORM CMS 10003NDMCP', 'Textract app_code_fallback is FORM CMS 10003-NDMCP', 'Tesseract twenty_code_fallback is FORM CMS 10003NDMCP', 'Textract twenty_code_fallback is FORM CMS 10003-NDMCP', 'Tesseract app_code_fallback is OMB APPROVAL 09380829 EXPIRES 02282023', 'Textract app_code_fallback is OMB APPROVAL 0938-0829 (EXPIRES: 02/28/2023)', 'Tesseract twenty_code_fallback is OMB APPROVAL 09380829 EXPIRES 02282023', 'Textract twenty_code_fallback is OMB APPROVAL 0938-0829 (EXPIRES: 02/28/2023)']",,,,
43,,,,,C001956505-00-bottom.tif,Y0020_20_17708LTR_C_04012020 ,45.96723175048828,,,,,,,"['Tesseract app_code is Y0020_20 17708LTR_C_04012020', 'Textract app_code is Y0020_20_17708LTR_C_04012020', 'Tesseract app_code is OMB APPROVAL 09380829', 'Tesseract app_code_fallback is C001956505', 'Textract app_code_fallback is C001956505', 'Tesseract twenty_code_fallback is C001956505', 'Textract twenty_code_fallback is C001956505', 'Tesseract app_code_fallback is Y0020_20 17708LTR_C_04012020', 'Textract app_code_fallback is Y0020_20_17708LTR_C_04012020', 'Tesseract twenty_code_fallback is Y0020_20 17708LTR_C_04012020', 'Textract twenty_code_fallback is Y0020_20_17708LTR_C_04012020', 'Tesseract app_code_fallback is FORM CMS 10003NDMCP', 'Textract app_code_fallback is FORM CMS 10003-NDMCP', 'Tesseract twenty_code_fallback is FORM CMS 10003NDMCP', 'Textract twenty_code_fallback is FORM CMS 10003-NDMCP', 'Tesseract app_code_fallback is OMB APPROVAL 09380829 EXPIRES 02282023', 'Textract app_code_fallback is OMB APPROVAL 0938-0829 (EXPIRES: 02/28/2023)', 'Tesseract twenty_code_fallback is OMB APPROVAL 09380829 EXPIRES 02282023', 'Textract twenty_code_fallback is OMB APPROVAL 0938-0829 (EXPIRES: 02/28/2023)']",,,,
44,,,,,C001956506-00-bottom.tif,Y0020_WCM_88642E_C INTERNAL APPROVED 10212021 NA1WCMEOB88642E_0000,95.21621704101562,Y0020_WCM_88642E C INTERNAL APPROVED 10212021,Y0020_WCM_88642E C INTERNAL APPROVED 10212021,Y0020_WCM_88642E_C INTERNAL APPROVED 10212021,,,,"['Tesseract app_code is Y0020_WCM_88642E C INTERNAL APPROVED 10212021', 'Textract app_code is Y0020_WCM_88642E_CINTERNAL APPROVED 10212021', 'Tesseract twenty_code is NA1WCMEOB88642E 0000', 'Textract twenty_code is NA1WCMEOB88642E_0000']",,,96.19,70.5
45,,,,,C001956507-00-bottom.tif,Y0020_WCM_88642E_C INTERNAL APPROVED 10212021 NA1WCMEOB88642E_0000,61.28658536585365,,,Y0020_WCM_88642E_C INTERNAL APPROVED 10212021,,,,"['Tesseract app_code is Y0020_WCM_88642E C INTERNAL APPROVED 10212021', 'Textract app_code is Y0020_WCM_88642E_CINTERNALAPPROVED 10212021', 'Tesseract twenty_code is NA1WCMEOB88642E_0000']",,,,
46,,,,,C001956508-01-bottom.tif,WCM_46811E_C INTERNAL APPROVED 10292019 NA1WCMCRD88526E_0000,91.76480865478516,,,WCM_46811E_C INTERNAL APPROVED 10292019,,,,"['Tesseract app_code is V___RO EEE BANCORP BANK MEMBER FDIC 2021 WEX HEALTH INC ALL RIGHTS RESERVED 51703067', 'Textract app_code is BANCORP BANK; MEMBER FDIC. 2021 WEX HEALTH, INC. ALL RIGHTS RESERVED. 51703067', 'Tesseract app_code is TP EVES OE EE 8 EE FO EE WCM_46811E_INTERNAL APPROVED 10292019', 'Textract app_code is WCM_46811E_INTERNAL APPROVED 10292019', 'Tesseract twenty_code is NA1WCMCRD88526E_0000', 'Textract twenty_code is NA1WCMCRD88526E_0000']",,,,
47,,,,,C001956509-01-bottom.tif,WCM_46811E_ INTERNAL APPROVED 10292019 NA1WCMCRD88526E_0000,88.9634017944336,WCM_46811E_INTERNAL APPROVED 10292019,FO 8 EE OE WCM_46811E_INTERNAL APPROVED 10292019,WCM_46811E_C INTERNAL APPROVED 10292019,,,,"['Tesseract app_code is EEE EEE EEE SEAS EEE EEE EE EE EEE SS EE OE EE EE EE EE EEE BANCORP BANK MEMBER FDIC 2021 WEX HEALTH INC ALL RIGHTS RESERVED 51703067', 'Textract app_code is BANCORP BANK; MEMBER FDIC. 2021 WEX HEALTH, INC. ALL RIGHTS RESERVED. 51703067', 'Tesseract app_code is FO 8 EE OE WCM_46811E_INTERNAL APPROVED 10292019', 'Textract app_code is WCM_46811E_INTERNAL APPROVED 10292019', 'Tesseract twenty_code is NA1WCMCRD88526E_0000', 'Textract twenty_code is NA1WCMCRD88526E_0000']",,,97.84,75.83
48,,,,,C001956510-01-bottom.tif,WCM_46811E_C INTERNAL APPROVED 10292019 NA1WCMCRD88526E_0000,88.13787841796875,,,WCM_46811E_C INTERNAL APPROVED 10292019,,,,"['Tesseract app_code is UTS RADIN BANCORP BANK MEMBER FDIC 2021 WEX HEALTH INC ALL RIGHTE RESERVED 51703067', 'Textract app_code is BANCORP BANK; MEMBER FDIC. 2021 WEX HEALTH, INC. ALL RIGHTS RESERVED. 51703067', 'Tesseract app_code is 8 OV EES WCM_46811E_INTERNAL APPROVED 10292019', 'Textract app_code is WCM_46811E_INTERNAL APPROVED 10292019', 'Tesseract twenty_code is NA1WCMCRD88526E_0000', 'Textract twenty_code is NA1WCMCRD88526E_0000']",,,,
49,,,,,C001956511-01-bottom.tif,WCM_46811E_ INTERNAL APPROVED 10292019 NA1WCMCRD88526E_0000,91.9864730834961,WCM_46811E_INTERNAL APPROVED 10292019,WCM 4681 4E_INTERNAL APPROVED 10292019,WCM_46811E_C INTERNAL APPROVED 10292019,,,,"['Tesseract app_code is RR ESE EE EEE BANCORP BANK MEMBER FDIC 2021 WEX HEALTH INC ALL RIGHTS RESERVED 51703067', 'Textract app_code is BANCORP BANK; MEMBER FDIC. 2021 WEX HEALTH, INC. ALL RIGHTS RESERVED. 51703067', 'Tesseract app_code is WCM 4681 4E_INTERNAL APPROVED 10292019', 'Textract app_code is WCM_46811E_INTERNAL APPROVED 10292019', 'Tesseract twenty_code is NA1WCMCRD88526E_0000', 'Textract twenty_code is NA1WCMCRD88526E_0000']",,,97.73,78.52
50,,,,,C001956512-01-bottom.tif,WCM_46811E_ INTERNAL APPROVED 10292019 NA1WCMCRD88526E_0000,87.29012699861521,WCM_46811E_INTERNAL APPROVED 10292019,N EE EE TO EEE WCM_46811E_INTERNAL APPROVED 10292019,WCM_46811E_C INTERNAL APPROVED 10292019,,,,"['Tesseract app_code is FDIC 2021 WEX HEALTH INC ALL RIGHTS RESERVED 51703067', 'Textract app_code is BANCORP BANK; MEMBER FDIC. 2021 WEX HEALTH, INC. ALL RIGHTS RESERVED. 51703067', 'Tesseract app_code is N EE EE TO EEE WCM_46811E_INTERNAL APPROVED 10292019', 'Textract app_code is WCM_46811E_INTERNAL APPROVED 10292019', 'Tesseract twenty_code is NA1WCMCRD88526E_0000', 'Textract twenty_code is NA1WCMCRD88526E_0000']",,,98.33,71.17
51,,,,,C001956513-01-bottom.tif,WCM_46811E_C INTERNAL APPROVED 10292019 NA1WCMCRD88526E_0000,80.79239654541016,,,WCM_46811E_C INTERNAL APPROVED 10292019,,,,"['Tesseract app_code is NENA NAD A RETT SAN TITN PENA T SP NARAT ES RN SN EE BANCORP BANK MEMBER FDIC 2021 WEX HEALTH INC ATL RIGHTS RESERVED 51703067', 'Textract app_code is BANCORP BANK; MEMBER FDIC. 2021 WEX HEALTH, INC. ALL RIGHTS RESERVED. 51703067', 'Tesseract app_code is 8 EZ NO OE WCM_4681 1 E INTERNAL APPROVED 10292019', 'Textract app_code is WCM_46811E_INTERNAL: APPROVED 10292019', 'Tesseract twenty_code is NA1WCMCRD88526E_0000', 'Textract twenty_code is NA1WCMCRD88526E_0000']",,,,
52,,,,,C001956514-01-bottom.tif,WCM_46811E_C INTERNAL APPROVED 10292019 NA1WCMCRD88526E_0000,87.2979965209961,,,WCM_46811E_C INTERNAL APPROVED 10292019,,,,"['Tesseract app_code is NO EEE EE EEE EEE EEE ERRR REE BANCORP BANK MEMBER FDIC 2021 WEX HEALTH INC ALL RIGHTS RESERVED 51703067', 'Textract app_code is BANCORP BANK; MEMBER FDIC. 2021 WEX HEALTH, INC. ALL RIGHTS RESERVED. 51703067', 'Tesseract app_code is WCM 46811 E_INTERNAL APPROVED 10292019', 'Textract app_code is WCM_46811E_INTERNAL APPROVED 10292019', 'Tesseract twenty_code is NA1WCMCRD88526E_0000', 'Textract twenty_code is NA1WCMCRD88526E_0000']",,,,
53,,,,,C001956515-01-bottom.tif,WCM_46811E_C INTERNAL APPROVED 10292019 NA1WCMCRD88526E_0000,82.8646011352539,,,WCM_46811E_C INTERNAL APPROVED 10292019,,,,"['Tesseract app_code is TUE RG COU E FECT ERT WRE SE EE WEE EEE EEE EE EEE EE EEE BANCORP BANK MEMBER FDIC 2021 WEX HEALTH INC ALL RIGHTS RESERVED 51703067', 'Textract app_code is BANCORP BANK; MEMBER FDIC. 2021 WEX HEALTH, INC. ALL RIGHTS RESERVED. 51703067', 'Tesseract app_code is FO EE WCM_46811E_INTERNAL APPROVED 10292019', 'Textract app_code is WCM_46811E_INTERNAL APPROVED 10292019', 'Tesseract twenty_code is NA1WCMCRD88526E_0000', 'Textract twenty_code is NA1WCMCRD88526E_0000']",,,,
54,,,,,C001956516-01-bottom.tif,WCM_46811E_C INTERNAL APPROVED 10292019 NA1WCMCRD88526E_0000,83.08679962158203,,,WCM_46811E_C INTERNAL APPROVED 10292019,,,,"['Tesseract app_code is S EEE VERE RE EEE EEE EEE EE EEE EE EEE BANCORP BANK MEMBER FDIC 2021 WEX HEALTH INC ALL RIGHTS TESERVED 51703067', 'Textract app_code is BANCORP BANK; MEMBER FDIC. 2021 WEX HEALTH, INC. ALL RIGHTS RESERVED. 51703067', 'Tesseract app_code is 8 EE WCM_46811E_INTERNAL APPROVED 10292019', 'Textract app_code is WCM_46811E_INTERNAL APPROVED 10292019', 'Tesseract twenty_code is NA1WCMCRD88526E_0000', 'Textract twenty_code is NA1WCMCRD88526E_0000']",,,,
55,,,,,C001956517-01-bottom.tif,WCM_46811E_C INTERNAL APPROVED 10292019 NA1WCMCRD88526E_0000,88.15870666503906,,,WCM_46811E_C INTERNAL APPROVED 10292019,,,,"['Tesseract app_code is T EEE__WERO WWE BANCORP BANK MEMBER FDIC 2021 WEX HEALTH INC ALLL RIGHTS RESERVED 51703067', 'Textract app_code is BANCORP BANK; MEMBER FDIC. 2021 WEX HEALTH, INC. ALL RIGHTS RESERVED. 51703067', 'Tesseract app_code is WCN_46811E_INTERNAL APPROVED 10292019', 'Textract app_code is WCM_46811E_INTERNAL APPROVED 10292019', 'Tesseract twenty_code is NA1WCMCRD88526E_0000', 'Textract twenty_code is NA1WCMCRD88526E_0000']",,,,
56,,,,,C001956518-01-bottom.tif,WCM_46811E_C INTERNAL APPROVED 10292019 NA1WCMCRD88526E_0000,90.92365264892578,,,WCM_46811E_C INTERNAL APPROVED 10292019,,,,"['Tesseract app_code is FDIC 2021 WEX HEALTH INC ALL RIGHTS RESERVED 51703067', 'Textract app_code is BANCORP BANK; MEMBER FDIC. 2021 WEX HEALTH, INC. ALL RIGHTS RESERVED. 51703067', 'Tesseract app_code is VY EER OR WCM_46811E_INTERNAL APPROVED 10292019', 'Textract app_code is WCM_46811E_INTERNAL APPROVED 10292019', 'Tesseract twenty_code is NA1WCMCRD88526E_0000', 'Textract twenty_code is NA1WCMCRD88526E_0000']",,,,
57,,,,,C001956519-01-bottom.tif,WCM_46811E_C INTERNAL APPROVED 10292019 NA1WCMCRD88526E_0000,89.5630111694336,,,WCM_46811E_C INTERNAL APPROVED 10292019,,,,"['Tesseract app_code is OR A ER EEE SO EE EE EEE WE AR ES EE EE EE EEE BANCORP BANK MEMBER FDIC 2021 WEX HEALTH INC ALL RIGHTS RESERVED 51703067', 'Textract app_code is BANCORP BANK; MEMBER FDIC. 2021 WEX HEALTH, INC. ALL RIGHTS RESERVED. 51703067', 'Tesseract app_code is FO EE SOWA 8 OU EE WCM_46811E_INTERNAL APPROVED 10292019', 'Textract app_code is WCM_46811E_INTERNAL APPROVED 10292019', 'Tesseract twenty_code is NA1WCMCRD88526E_0000', 'Textract twenty_code is NA1WCMCRD88526E_0000']",,,,
58,,,,,C001956520-01-bottom.tif,WCM_46811E_ INTERNAL APPROVED 10292019 NA1WCMCRD88526E_0000,85.93374633789062,WCM_46811E_INTERNAL APPROVED 10292019,WCM_46811E_INTERNAL APPROVED 10292019,WCM_46811E_C INTERNAL APPROVED 10292019,,,,"['Tesseract app_code is PAT AT EO EE NER TE ME 8 EEN RAT FT TR SEWWT BANCORP BANK MEMBER FDIC 2021 WEX HEALTH INC ALL RIGHTS RESERVED 51703067', 'Textract app_code is BANCORP BANK; MEMBER FDIC. 2021 WEX HEALTH, INC. ALL RIGHTS RESERVED. 51703067', 'Tesseract app_code is WCM_46811E_INTERNAL APPROVED 10292019', 'Textract app_code is WCM_46811E_INTERNAL APPROVED 10292019', 'Tesseract twenty_code is NA1WCMCRD88526E_0000', 'Textract twenty_code is NA1WCMCRD88526E_0000']",,,97.79,78.11
59,,,,,C001956521-01-bottom.tif,WCM_46811E_C INTERNAL APPROVED 10292019 NA1WCMCRD88526E_0000,84.5183334350586,,,WCM_46811E_C INTERNAL APPROVED 10292019,,,,"['Tesseract app_code is SF PE PCR OR EE EEE_EE_EE EAE SE BANCORP BANK MEMBER FDIC 2021 WEX HEALTH INC ALL RIGHTS RESERVED 51703067', 'Textract app_code is BANCORP BANK; MEMBER FDIC. 2021 WEX HEALTH, INC. ALL RIGHTS RESERVED. 51703067', 'Tesseract app_code is T EEE WCM_46811E_INTERNAL APPROVED 10292019', 'Textract app_code is WCM_46811E_INTERNAL APPROVED 10292019', 'Tesseract twenty_code is NA1WCMCRD88526E_0000', 'Textract twenty_code is NA1WCMCRD88526E_0000']",,,,
60,,,,,C001956522-01-bottom.tif,WCM_46811E_C INTERNAL APPROVED 10292019 NA1WCMCRD88526E_0000,85.46485137939453,,,WCM_46811E_C INTERNAL APPROVED 10292019,,,,"['Tesseract app_code is NN NE BEE PF EN OATRE TG TE FIR RE ET NE OE ORES EE EE EEE EE EEE BANCORP BANK MEMBER FDIC 2021 WEX HEALTH INC ALL RIGHTS RESERVED 51703067', 'Textract app_code is BANCORP BANK; MEMBER FDIC. 2021 WEX HEALTH, INC. ALL RIGHTS RESERVED. 51703067', 'Tesseract app_code is 7 VRS VV WCM_46811E_INTERNAL APPROVED 10292019', 'Textract app_code is WCM_46811E_INTERNAL APPROVED 10292019', 'Tesseract twenty_code is NA1WCMCRD88526E_0000', 'Textract twenty_code is NA1WCMCRD88526E_0000']",,,,
61,,,,,C001956523-01-bottom.tif,WCM_46811E_C INTERNAL APPROVED 10292019 NA1WCMCRD88526E_0000,85.4897689819336,,,WCM_46811E_C INTERNAL APPROVED 10292019,,,,"['Tesseract app_code is FDIC 2021 WEX HEALTH INC ALL RIGHTS RESERVED 51703067', 'Textract app_code is BANCORP BANK; MEMBER FDIC. 2021 WEX HEALTH, INC. ALL RIGHTS RESERVED. 51703067', 'Tesseract app_code is __EYE EEEEEERREAEREEERRC SE OE IE EEE WCN_46811E_INTERNAL APPROVED 10292019', 'Textract app_code is WCM_46811E_INTERNAL APPROVED 10292019', 'Tesseract twenty_code is NA1WCMCRD88526E_0000', 'Textract twenty_code is NA1WCMCRD88526E_0000']",,,,
62,,,,,C001956524-01-bottom.tif,WCM_46811E_C INTERNAL APPROVED 10292019 NA1WCMCRD88526E_0000,90.15264892578125,,,WCM_46811E_C INTERNAL APPROVED 10292019,,,,"['Tesseract app_code is NNT EE EE EE EE EEE EEE EEE EWE TE EEE EE EEE RE EEE BANCORP BANK MEMBER FDIC 2021 WEX HEALTH INC ALL RIGHTS RESERVED 51703067', 'Textract app_code is BANCORP BANK; MEMBER FDIC. 2021 WEX HEALTH, INC. ALL RIGHTS RESERVED. 51703067', 'Tesseract app_code is WCN_46811E_INTERNAL APPROVED 10292019', 'Textract app_code is WCM_46811E_INTERNAL APPROVED 10292019', 'Tesseract twenty_code is NA1WCMCRD88526E_0000', 'Textract twenty_code is NA1WCMCRD88526E_0000']",,,,
63,,,,,C001956525-01-bottom.tif,WCM_46811E_ INTERNAL APPROVED 10292019 NA1WCMCRD88526E_0000,86.33927154541016,WCM_46811E_INTERNAL APPROVED 10292019,WCM_46811E_INTERNAL APPROVED 10292019,WCM_46811E_C INTERNAL APPROVED 10292019,,,,"['Tesseract app_code is CR ER SS PSE CG UE CWWE EEE EE EEE EEE EE EEE EEE EAE BANCORP BANK MEMBER FDIC 2021 1 WEX HEALTH INC ALL RIGHTS RESERVED 51703067', 'Textract app_code is BANCORP BANK; MEMBER FDIC. 2021 WEX HEALTH, INC. ALL RIGHTS RESERVED. 51703067', 'Tesseract app_code is WCM_46811E_INTERNAL APPROVED 10292019', 'Textract app_code is WCM_46811E_INTERNAL APPROVED 10292019', 'Tesseract twenty_code is NA1WCMCRD88526E_0000', 'Textract twenty_code is NA1WCMCRD88526E_0000']",,,97.83,83.83
64,,,,,C001956526-01-bottom.tif,WCM_46811E_C INTERNAL APPROVED 10292019 NA1WCMCRD88526E_0000,90.13002014160156,,,WCM_46811E_C INTERNAL APPROVED 10292019,,,,"['Tesseract app_code is SF TG TEWS FE EEE INIT I EEE EYE EEE ERE BANCORP BANK MEMBER FDIC 2021 WEX HEALTH INC ALL RIGHTS TESERVED 51703067', 'Textract app_code is BANCORP BANK; MEMBER FDIC. 2021 WEX HEALTH, INC. ALL RIGHTS RESERVED. 51703067', 'Tesseract app_code is __EE_E_SS OE WCM 46811E_INTERNAL APPROVED 10292019', 'Textract app_code is WCM_46811E_INTERNAL APPROVED 10292019', 'Tesseract twenty_code is NA1WCMCRD88526E_0000', 'Textract twenty_code is NA1WCMCRD88526E_0000']",,,,
65,,,,,C001956527-01-bottom.tif,WCM_46811E_C INTERNAL APPROVED 10292019 NA1WCMCRD88526E_0000,80.51383209228516,,,WCM_46811E_C INTERNAL APPROVED 10292019,,,,"['Tesseract app_code is ST CT TD TW NE EE ES EEE EE OE EEE EEE EER EEE BANCORP BANK MEMBER FDIC 2021 WEX HEALTH INC ALL RIGHTS TESERVED 51703067', 'Textract app_code is BANCORP BANK; MEMBER FDIC. 2021 WEX HEALTH, INC. ALL RIGHTS RESERVED. 51703067', 'Tesseract app_code is WCM_41 46811E_INTERNAL APPROVED 10292019', 'Textract app_code is WCM_46811E_INTERNAL APPROVED 10292019', 'Tesseract twenty_code is NA1WCMCRD88526E_0000', 'Textract twenty_code is NA1WCMCRD88526E_0000']",,,,
66,,,,,C001956528-01-bottom.tif,WCM_46811E_C INTERNAL APPROVED 10292019 NA1WCMCRD88526E_0000,90.78146362304688,,,WCM_46811E_C INTERNAL APPROVED 10292019,,,,"['Tesseract app_code is ESE TY UTIS FOR ES EAE EEE WEY ES EE EEEEEEE_EEEYEEEEEEEEEEEEERERIOREREEEEE BANCORP BANK MEMBER FDIC 2021 WEX HEALTH INC ALL RIGHTS RESERVED 51703067', 'Textract app_code is BANCORP BANK; MEMBER FDIC. 2021 WEX HEALTH, INC. ALL RIGHTS RESERVED. 51703067', 'Tesseract app_code is WCN_4681 1 EL INTERNAL APPROVED 11029201', 'Textract app_code is WCM_46811E_INTERNAL APPROVED 10292019', 'Tesseract twenty_code is NA1WCMCRD88526E_0000', 'Textract twenty_code is NA1WCMCRD88526E_0000']",,,,
67,,,,,C001956529-01-bottom.tif,WCM_46811E_C INTERNAL APPROVED 10292019 NA1WCMCRD88526E_0000,86.87716674804688,,,WCM_46811E_C INTERNAL APPROVED 10292019,,,,"['Tesseract app_code is FDIC 2021 WEX HEALTH INC ALL RIGHTS RESERVED 51703067', 'Textract app_code is BANCORP BANK; MEMBER FDIC. 2021 WEX HEALTH, INC. ALL RIGHTS RESERVED. 51703067', 'Tesseract app_code is __EVW ORL A 7 OES WCM  46811E_INTERNAL APPROVED 10292019', 'Textract app_code is WCM_46811E_INTERNAL APPROVED 10292019', 'Tesseract twenty_code is NA1WCMCRD88526E_0000', 'Textract twenty_code is NA1WCMCRD88526E_0000']",,,,
68,,,,,C001956530-01-bottom.tif,WCM_46811E_C INTERNAL APPROVED 10292019 NA1WCMCRD88526E_0000,84.98817443847656,,,WCM_46811E_C INTERNAL APPROVED 10292019,,,,"['Tesseract app_code is __EEE BANCORP BANK MEMBER FDIC 2021 WEX HEALTH INC ALL RIGHTS RESERVED 51703067', 'Textract app_code is BANCORP BANK; MEMBER FDIC. 2021 WEX HEALTH, INC. ALL RIGHTS RESERVED. 51703067', 'Tesseract app_code is __EE_OREO EEE EEE EEE AES EES WCN_4681 1E_INTERNAL APPROVED 10292019', 'Textract app_code is WCM_46811E_INTERNAL APPROVED 10292019', 'Tesseract twenty_code is NA1WCMCRD88526E_0000', 'Textract twenty_code is NA1WCMCRD88526E_0000']",,,,
69,,,,,C001956531-01-bottom.tif,WCM_46811E_ INTERNAL APPROVED 10292019 NA1WCMCRD88526E_0000,90.95557403564453,WCM_46811E_INTERNAL APPROVED 10292019,WCM_46811E_INTERNAL APPROVED 10292019,WCM_46811E_C INTERNAL APPROVED 10292019,,,,"['Tesseract app_code is OE 1 IEEE BANCORP BANK MEMBER  FDIC 2021 WEX HEAILTH INC ALL RIGHTS RESERVED 5 51703067', 'Textract app_code is BANCORP BANK; MEMBER FDIC. 2021 WEX HEALTH, INC. ALL RIGHTS RESERVED. 51703067', 'Tesseract app_code is WCM_46811E_INTERNAL APPROVED 10292019', 'Textract app_code is WCM_46811E_INTERNAL APPROVED 10292019', 'Tesseract twenty_code is NA1WCMCRD88526E_0000', 'Textract twenty_code is NA1WCMCRD88526E_0000']",,,98.77,80.86
70,,,,,C001956532-01-bottom.tif,WCM_46811E_ INTERNAL APPROVED 10292019 NA1WCMCRD88526E_0000,86.91471904929409,WCM_46811E_INTERNAL APPROVED 10292019,SB EEE_OME UY WCM_46811E_INTERNAL APPROVED 10292019,WCM_46811E_C INTERNAL APPROVED 10292019,,,,"['Tesseract app_code is ______AEO ALAN_____S_____AA BANCORP BANK MEMBER FDIC 2021 WEX HEALTH INC ALL RIGHTS RESERVED 51703067', 'Textract app_code is BANCORP BANK; MEMBER FDIC. 2021 WEX HEALTH, INC. ALL RIGHTS RESERVED. 51703067', 'Tesseract app_code is SB EEE_OME UY WCM_46811E_INTERNAL APPROVED 10292019', 'Textract app_code is WCM_46811E_INTERNAL APPROVED 10292019', 'Tesseract twenty_code is NA1WCMCRD88526E_0000', 'Textract twenty_code is NA1WCMCRD88526E_0000']",,,97.75,70.13
71,,,,,C001956533-01-bottom.tif,WCM_46811E_C INTERNAL APPROVED 10292019 NA1WCMCRD88526E_0000,90.4801254272461,,,WCM_46811E_C INTERNAL APPROVED 10292019,,,,"['Textract app_code is BANCORP BANK; MEMBER FDIC. 2021 WEX HEALTH, INC. ALL RIGHTS RESERVED. 51703067', 'Tesseract app_code is ___WCM 46811E_INTERNAL APPROVED 10292019', 'Textract app_code is WCM_46811E_INTERNAL APPROVED 10292019', 'Tesseract twenty_code is NA1WCMCRD88526E_0000', 'Textract twenty_code is NA1WCMCRD88526E_0000']",,,,
72,,,,,C001956534-01-bottom.tif,WCM_46811E_ INTERNAL APPROVED 10292019 NA1WCMCRD88526E_0000,86.23588607728635,WCM_46811E_INTERNAL APPROVED 10292019,7 OOW EE EE SS OE WCM_46811E_INTERNAL APPROVED 10292019,WCM_46811E_C INTERNAL APPROVED 10292019,,,,"['Tesseract app_code is __EW EE OSE EEE EE OE OE EEE ER EE EEE EE EEE_EE__EEEEEEE BANCORP BANK MEMBER FDIC 2021 WEX HEAITH INC ALL RIGHTS RESERVED 51703088', 'Textract app_code is BANCORP BANK; MEMBER FDIC. 2021 WEX HEALTH, INC. ALL RIGHTS RESERVED. 51703088', 'Tesseract app_code is 7 OOW EE EE SS OE WCM_46811E_INTERNAL APPROVED 10292019', 'Textract app_code is WCM_46811E_INTERNAL APPROVED 10292019', 'Tesseract twenty_code is NA1WCMCRD88526E_0000', 'Textract twenty_code is NA1WCMCRD88526E_0000']",,,98.19,70.47
73,,,,,C001956535-01-bottom.tif,WCM_46811E_C INTERNAL APPROVED 10292019 NA1WCMCRD88526E_0000,85.96017456054688,,,WCM_46811E_C INTERNAL APPROVED 10292019,,,,"['Tesseract app_code is __EEEEEEE EEVEE RS TF AE ENO EEE EE VERO BANCORP BANK K MEMBER FDIC 20 2021 WEX HEALTH INC ALL RIGHTS RESERVED 51703067', 'Textract app_code is BANCORP BANK; MEMBER FDIC. 2021 WEX HEALTH, INC. ALL RIGHTS RESERVED. 51703067', 'Tesseract app_code is WCM_46811E_INTERNAL APPROVED 10292019', 'Textract app_code is WCM_46811E_INTERNAL APPROVED 10292019', 'Tesseract twenty_code is NA1WCMCRD88526E_0000', 'Textract twenty_code is NA1WCMCRD88526E_0000']",,,,
74,,,,,C001956536-00-bottom.tif,CAD_36120E STATE APPROVED 07032019 KY9CADLTR36120E_0000,92.40389251708984,,,,,,,"['Tesseract app_code is CAD_36120E STATE APPROVED 07032019', 'Textract app_code is CAD_36120E STATE APPROVED 07032019', 'Tesseract twenty_code is KY9ICADLTR36120E_0000', 'Textract twenty_code is KY9CADLTR36120E_0000']",,,,
75,,,,,C001956537-01-bottom.tif,Y0020_WCM_111535E_C INTERNAL APPROVED 10042022 NA2WCMLTR98563E_0000,52.89651107788086,,,Y0020_WCM_111535E_C INTERNAL APPROVED 10042022,,,NA2WCMLTR98563E_0000,"['Tesseract app_code is YQ020_CNC_119853E_C INTERNAL APPROVED 03302023', 'Textract app_code is YO020_CNC_119853E C INTERNAL APPROVED 03302023', 'Tesseract twenty_code is NA3CNCLTRI9853E_0000', 'Textract twenty_code is NA3CNCLTR19853E_0000']",,,,
76,,,,,C001956538-01-bottom.tif,Y0020_WCM_111535E_C INTERNAL APPROVED 10042022 NA2WCMLTR98563E_0000,25.637928009033203,,,Y0020_WCM_111535E_C INTERNAL APPROVED 10042022,,,NA2WCMLTR98563E_0000,"['Tesseract app_code is YQ020_CNC_119853E_C INTERNAL APPROVED 03302023', 'Textract app_code is YO020_CNC_119853E_C INTERNAL APPROVED 03302023', 'Tesseract twenty_code is NA3CNCLTRI9853E_0000', 'Textract twenty_code is NA3CNCLTR19853E_0OO0']",,,,
77,,,,,C001956539-01-bottom.tif,Y0020_CNC_119853E_C INTERNAL APPROVED 03302023 NA2WCMLTR98563E_0000,27.54303550720215,YO020_CNC_119853E_C INTERNAL APPROVED 03302023,YOO20_CNC_119853E_C INTERNAL APPROVED 03302023,Y0020_WCM_111535E_C INTERNAL APPROVED 10042022,,,NA2WCMLTR98563E_0000,"['Tesseract app_code is YOO20_CNC_119853E_C INTERNAL APPROVED 03302023', 'Textract app_code is YO020_CNC_119853E_C INTERNAL APPROVED 03302023', 'Tesseract twenty_code is NA3CNCLTRI9853E_0000', 'Textract twenty_code is NA3CNCLTR19853E_0OO0']",,,88.9,100.0
78,,,,,C001956540-01-bottom.tif,YO20_CNC_119853E_C INTERNAL APPROVED 00202 NA2WCMLTR98563E_0000,37.81767654418945,YOU20_CNC_119853E_C INTERNAL APPROVED 03302023,YOO2Z0_CNC_119853E_C,Y0020_WCM_111535E_C INTERNAL APPROVED 10042022,,,NA2WCMLTR98563E_0000,"['Tesseract app_code is YOO2Z0_CNC_119853E_C', 'Textract app_code is YOU20_CNC_119853E_C INTERNAL APPROVED 03302023', 'Tesseract twenty_code is NA3CNCLTRI9853E_0000', 'Textract twenty_code is NA3CNCLTR19853E_0000']",,,85.42,79.92
79,,,,,C001956541-01-bottom.tif,Y0020_CNC_119853E_C INTERNAL APPROVED 03302023 NA2WCMLTR98563E_0000,31.830245971679688,Y0020_CNC_119853E_C INTERNAL APPROVED 03302023,Y0020_CNC_119853E_C INTERNAL APPROVED 03302023,Y0020_WCM_111535E_C INTERNAL APPROVED 10042022,,,NA2WCMLTR98563E_0000,"['Tesseract app_code is Y0020_CNC_119853E_C INTERNAL APPROVED 03302023', 'Textract app_code is YO020_CNC_119853E_C INTERNAL APPROVED 03302023', 'Tesseract twenty_code is NA3CNCLTRI9853E_0000', 'Textract twenty_code is NA3CNCLTR19853E_0OO0']",,,92.49,90.96
80,,,,,C001956542-01-bottom.tif,Y0020_CNC_119853E_C INTERNAL APPROVED 03302023 ,47.205854509838716,YO020_CNC_119853E_C INTERNAL APPROVED 03302023,YOO20_CNC_119853E_C INTERNAL APPROVED 03302023,Y0020_WCM_111535E_C INTERNAL APPROVED 10042022,,,,"['Tesseract app_code is YOO20_CNC_119853E_C INTERNAL APPROVED 03302023', 'Textract app_code is YO020_CNC_119853E_C INTERNAL APPROVED 03302023', 'Tesseract twenty_code is NA3CNCLTRI9853E OOOO', 'Textract twenty_code is NA3CNCLTR19853E_O0O', 'Tesseract twenty_code_fallback is NOTICE TENNCARE IS NOT RESPONSIBLE FOR PAYMENT FOR THESE BENEFITS EXCEPT FOR APPROPRIATE COST SHARING AMOUNTS TENNCARE NE MMA MM LN FAG WIM BE EE AY ES DN RS A AS NS EY A CN I 9 AES WL LN EM A ED BEE EET EL', 'Textract twenty_code_fallback is NOTICE: TENNCARE IS NOT RESPONSIBLE FOR PAYMENT FOR THESE BENEFITS, EXCEPT FOR APPROPRIATE COST SHARING AMOUNTS. TENNCARE', 'Tesseract twenty_code_fallback is CEE ON ENE NNN NE EE ENE EEE EE EEE EN EEE EEE EE EE EET NT ENE NEE OE NEE OO NN NEE AE IS NOT RESPONSIBLE FOR GUARANTEEING THE AVAILABILITY OR QUALITY OF THESE BENEFITS ANY BENEFITS ABOVE AND BEYOND TRADITIONAL RANE DINER BEEN NFTEM MEM NEE L NWT TE TAIELLE EE RAR YI REE OA ED OR ETE EW ZL WG LD TE EE ET BE SE EE EE AE NE HE OE LSEE', 'Textract twenty_code_fallback is IS NOT RESPONSIBLE FOR GUARANTEEING THE AVAILABILITY OR QUALITY OF THESE BENEFITS. ANY BENEFITS ABOVE AND BEYOND TRADITIONAL', 'Tesseract twenty_code_fallback is ON NE NON NOONE IEE NE DATTA EAS TEENA MEAD DET IETNIA MEAN EINEN LANAI NA AAA MEDICARE BENEFITS ARE APPLICABLE TO WELLCARE MEDICARE ADVANTAGE ONLY AND DO NOT INDICATE INCREASED MEDICAID BENEFITS', 'Textract twenty_code_fallback is MEDICARE BENEFITS ARE APPLICABLE TO WELLCARE MEDICARE ADVANTAGE ONLY AND DO NOT INDICATE INCREASED MEDICAID BENEFITS.', 'Tesseract twenty_code_fallback is PLEASE CONTACT YOUR PLAN FOR DETAILS', 'Textract twenty_code_fallback is PLEASE CONTACT YOUR PLAN FOR DETAILS.', 'Tesseract twenty_code_fallback is HEALTHMINE INC IS AN INDEPENDENT COMPANY THAT CONTRACTS WITH WELLCARE TO PROVIDE MEMBER REWARDS PROGRAMS', 'Textract twenty_code_fallback is HEALTHMINE, INC., IS AN INDEPENDENT COMPANY THAT CONTRACTS WITH WELLCARE TO PROVIDE MEMBER REWARDS PROGRAMS.', 'Tesseract twenty_code_fallback is YOO20_CNC_119853E_C INTERNAL APPROVED 03302023', 'Textract twenty_code_fallback is YO020_CNC_119853E_C INTERNAL APPROVED 03302023', 'Tesseract twenty_code_fallback is NA3CNCLTR19853E__OOO00', 'Textract twenty_code_fallback is NA3CNCLTR19853E_O0O', 'Textract twenty_code_fallback is ~ 5']",,,89.37,97.48
81,,,,,C001956543-01-bottom.tif,Y0020_CNC_119853E_C INTERNAL APPROVED 03302023 NA2WCMLTR98563E_0000,38.48255157470703,YO02O_CNC_119853E_C INTERNAL APPROVED 03302023,YOO20_CNC_119853E_C INTERNAL APPROVED 03302023,Y0020_WCM_111535E_C INTERNAL APPROVED 10042022,,,NA2WCMLTR98563E_0000,"['Tesseract app_code is YOO20_CNC_119853E_C INTERNAL APPROVED 03302023', 'Textract app_code is YO02O_CNC_119853E_C INTERNAL APPROVED 03302023', 'Tesseract twenty_code is NA3CNCLTR19853E_0000', 'Textract twenty_code is NA3CNCLTR19853E_0000']",,,87.13,93.71
82,,,,,C001956544-01-bottom.tif,Y0020_CNC_119853E_C INTERNAL APPROVED 03302023 NA2WCMLTR98563E_0000,42.197479248046875,YO020_CNC_119853E_C INTERNAL APPROVED 03302023,YO020_CNC_119853E_C INTERNAL APPROVED 03302023,Y0020_WCM_111535E_C INTERNAL APPROVED 10042022,,,NA2WCMLTR98563E_0000,"['Tesseract app_code is YO020_CNC_119853E_C INTERNAL APPROVED 03302023', 'Textract app_code is YO020_CNC_119853E_C INTERNAL APPROVED 03302023', 'Tesseract twenty_code is NA3CNCLTRI9853E_0000', 'Textract twenty_code is NA3CNCLTR19853E_0000']",,,88.5,81.94
83,,,,,C001956545-00-bottom.tif,CAD_36120E STATE APPROVED 07032019 KY9CADLTR36120E_0000,93.03759002685547,,,,,,,"['Tesseract app_code is CAD_36120E STATE APPROVED 07032019', 'Textract app_code is CAD_36120E STATE APPROVED 07032019', 'Tesseract twenty_code is KY9CADLTR36120E_0000', 'Textract twenty_code is KY9CADLTR36120E_0000']",,,,
84,,,,,C001956546-00-bottom.tif,NA032295_CAD_LTR_ENG STATE APPROVED 05312016 NA2WCMLTR73611E_0216,76.92307692307692,,,,,,,"['Tesseract app_code is NA032295_CAD_LTR_ENG STATE APPROVED 05312016', 'Textract app_code is NA032295_CAD_LTR_ENG STATE APPROVED 05312016', 'Tesseract twenty_code_fallback is C001956546', 'Textract twenty_code_fallback is C001956546', 'Tesseract twenty_code_fallback is NA032295_CAD_LTR_ENG STATE APPROVED 05312016 MANT SHE', 'Textract twenty_code_fallback is NA032295_CAD_LTR_ENG STATE APPROVED 05312016', 'Tesseract twenty_code_fallback is 73161', 'Textract twenty_code_fallback is 73161', 'Tesseract twenty_code_fallback is   WELLCARE 2016 NA_01_16_JMD I MM MH HL LM', 'Textract twenty_code_fallback is Â©WELLCARE 2016 NA_01_16_JMD', 'Tesseract twenty_code_fallback is NACADLTR73161 E01 16', 'Textract twenty_code_fallback is NACADLTR73161E_0116']",,,,
85,,,,,C001956547-00-bottom.tif,CAD_36120E STATE APPROVED 07032019 KY9CADLTR36120E_0000,96.06853485107422,,,,,,,"['Tesseract app_code is EEE EOS CONCERNS YOU HAVE T BY CALLING OUR 24HOUR HOTLINE AT 18666788', 'Tesseract app_code is CAD_36120E STATE APPROVED 07032019', 'Textract app_code is CAD_36120E STATE APPROVED 07032019', 'Tesseract twenty_code is KY9CADLTR36120E_0000', 'Textract twenty_code is KY9CADLTR36120E_0000']",,,,
86,,,,,C001956548-00-bottom.tif,CAD_36120E STATE APPROVED 07032019 KY9CADLTR36120E_0000,93.16677856445312,,,,,,,"['Tesseract app_code is CAD_36120E STATE APPROVED 07032019', 'Textract app_code is CAD_36120E STATE APPROVED 07032019', 'Tesseract twenty_code is KY9CADLTR36120E_0000', 'Textract twenty_code is KY9CADLTR36120E_0000']",,,,
87,,,,,C001956549-00-bottom.tif,CAD_36120E STATE APPROVED 07032019 KY9CADLTR36120E_0000,96.59359741210938,,,,,,,"['Tesseract app_code is CAD_36120E STATE APPROVED 07032019', 'Textract app_code is CAD_36120E STATE APPROVED 07032019', 'Tesseract twenty_code is KY9CADLTR36120E_0000', 'Textract twenty_code is KY9CADLTR36120E_0000']",,,,
88,,,,,C001956550-00-bottom.tif,CAD_36120E STATE APPROVED 07032019 KY9CADLTR36120E_0000,88.18025207519531,,,,,,,"['Tesseract app_code is BE CONCERNS YOU HAVE BY CALLING OUR 24HOUR HOTLINE AT 18666729', 'Tesseract app_code is CAD_36120E STATE APPROVED 07032019', 'Textract app_code is CAD_36120E STATE APPROVED 07032019', 'Tesseract twenty_code is KY9CADLTR36120E_0000', 'Textract twenty_code is KY9CADLTR36120E_0000']",,,,
89,,,,,C001956551-00-bottom.tif,CAD_40881E STATE APPROVED 01142021 NJ9JMDLTR40881E_0000,90.13561248779297,,,,,,,"['Tesseract app_code is SAD_40881E STATE APPROVED 01142021', 'Textract app_code is CAD_40881E STATE APPROVED 01142021', 'Tesseract twenty_code is NJSJMDLTR40881E_0000', 'Textract twenty_code is NJ9JMDLTR40881E_0000']",,,,
90,,,,,C001956552-00-bottom.tif,Y0020_WCM_86723E_C INTERNAL APPROVED 09222021 NA1WCMLTR86723E_0000,92.71117401123047,,,,,,,"['Tesseract app_code is Y0020_WCM_86723E_CINTERNAL APPROVED 09222021', 'Textract app_code is Y0020_WCM_86723E_CINTERNAL APPROVED 09222021', 'Tesseract twenty_code is NA1WCMLTR86723E_0000', 'Textract twenty_code is NA1WCMLTR86723E_0000']",,,,
